,Headline,Date
0,re-education camp in xinjiang ? let's find out the truth,2021-04-04
1,china should use low oil prices to boost its strategic petroleum reserve,2021-02-05
2,historical matters concerning xinjiang,2020-04-01
3,educational situation of xinjiang uygur muslims has got improved,2020-03-03
4,china national petroleum revenues up 6%,2019-07-22
5,canadian youtuber explains why the west is targeting xinjiang,2020-04-17
6,companies should shun anti-china ploys: china daily editorial,2020-03-26
7,re-education camp in xinjiang ? let's find out the truth,2021-03-26
8,unmistakable us hand in xinjiang,2021-03-24
9,truth and fabrication on xinjiang 's population change,2021-02-05
10,"pompeo, 27 more banned from china",2020-11-11
11,educational situation of xinjiang uygur muslims has got improved,2020-04-08
12,investigation report on the situation of xinjiang outbound young migrant worker of all ethnic groups,2020-03-20
13,"india , china treated differently by west on ethnic issue",2020-08-04
14,allegations of demolition of mosques in xinjiang groundless,2021-03-26
15,so-called xinjiang population report full of lies,2020-10-14
16,how the internet is changing rural china,2020-07-23
17,china slams us enacting law on uygurs,2020-09-16
18,xinjiang smears built on shaky grounds,2021-02-05
19,"bad intentions, not low iq, prompt us politicians to believe lie on xinjiang",2020-07-03
20,time for us to stop scapegoating china,2021-01-21
21,"us putting itself against china, world with xinjiang bill, regional official says",2021-03-04
22,muslims need to be more cautious about western propaganda on xinjiang,2020-11-10
23,who gives us the right to lecture china about rights?,2020-04-28
24,"xinjiang a land of harmony, prosperity, happiness",2020-04-17
25,uygur mom mystified to be reported as 'missing',2020-10-27
26,young uygur designer shows a passion for ethnic fashion,2019-12-18
27,xinjiang uygur sees big influx of visitors,2020-08-20
28,unmistakable us hand in xinjiang,2020-07-31
29,uygur embroiderer keeps hami heritage alive by embracing modern trends,2020-08-04
30,campaign of xinjiang slurs continues: china daily editorial,2020-08-26
31,online travel to xinjiang 's kuqa opens,2020-09-04
32,textile industry weaving way out of poverty in xinjiang,2020-06-22
33,"us official's claims false, xinjiang says",2020-06-19
34,"housing construction, renovation continues in xinjiang",2020-06-30
35,xinjiang denies 'forced boarding' of students,2020-08-19
36,report on xinjiang 'forced labor' criticized as fabricated,2020-06-19
37,flight brings 174 xinjiang workers back to changsha,2019-12-30
38,uygur girl helps her mom's big dream come true,2019-12-28
39,"us putting itself against china, world with xinjiang bill, regional official says",2020-06-20
40,"xinjiang trade slows, but imports way up",2020-07-06
41,lies about xinjiang absurd: china daily editorial,2020-03-11
42,who gives us the right to lecture china about rights?,2020-05-25
43,xinjiang forecasts double-digit growth in air passengers,2019-12-09
44,officials call claims of detention of xinjiang students in wuhan 'ridiculous',2020-02-24
45,xinjiang smears built on shaky grounds,2019-08-20
46,xinjiang transmits record high of electricity to grid in 2019,2019-06-18
47,grid project completion brings stable electricity to southern xinjiang,2019-12-10
48,xinjiang 's anti-poverty steps achieving fruitful results,2019-12-30
49,west viewing xinjiang through prism of bias,2019-11-26
50,"no risk of large-scale virus infections in xinjiang education, training centers: authorities",2019-12-18
51,it is the us that needs to reflect on its strategy in anti-terrorism fight: china daily editorial,2020-11-10
52,xinjiang still china's largest cotton producer in 2019,2019-12-30
53,yurt co-op gives tourists taste of corban festival in xinjiang,2019-12-06
54,infrastructure picks up speed in xinjiang,2021-02-20
55,us cannot shame anti-extremism efforts in xinjiang,2021-02-24
56,more western lies about uygurs in xinjiang : china daily editorial,2019-12-27
57,ozil shoots himself in the foot over xinjiang,2019-07-02
58,groundless xinjiang accusations out of bias: china daily editorial,2019-08-07
59,xinjiang government slams media reports on 'classified documents',2020-03-20
60,xinjiang 'holocaust' claims serve washington's aims,2019-08-05
61,xinjiang aims to lure more tourists,2019-12-23
62,"bad intentions, not low iq, prompt us politicians to believe lie on xinjiang",2020-04-03
63,xinjiang to invest 3.19b yuan in 10 airport projects,2020-03-26
64,west's ranting over xinjiang goes against historical facts,2020-01-22
65,xinjiang prospers at fast track,2019-12-11
66,hypocritical silence on xinjiang : china daily editorial,2019-11-11
67,villagers embrace new life after relocation projects in xinjiang,2020-02-23
68,officials: xinjiang 'name list' terrorist hoax,2020-03-11
69,xinjiang focuses on building new roads,2020-01-21
70,livestock and poultry gene bank to be established in xinjiang,2020-03-18
71,new rice strains offer brighter future for nomadic herders in xinjiang,2020-02-23
72,xinjiang medical worker lifts patients' spirits by teaching ethnic dance,2019-08-06
73,xinjiang will not be allowed to be like afghanistan,2019-12-09
74,xinjiang official hails regional human rights progress at un,2020-03-10
75,training centers in xinjiang offer hope,2020-03-24
76,xinjiang discover two rare larkspurs,2020-02-23
77,â€ªremote work platforms quickly being adapted across china,2019-12-10
78,china denounces us human rights report on xinjiang,2020-01-20
79,"xinjiang 's fight against extremism, terrorism paying off",2020-03-03
80,xinjiang maps out plan to be one of largest milk production bases,2019-12-30
81,"xinjiang bans wild animal trade, circuses with live animals",2019-12-11
82,relocation of herders helps restore ecosystem around xinjiang lake,2020-01-20
83,xinjiang helps neighbors with telemedicine,2019-12-25
84,54 countries voice support for efforts to fight terrorism in xinjiang,2020-01-03
85,china finds support over xinjiang from gulf cooperation council,2019-12-28
86,cooler xinjiang lures tourists beat by heat,2020-04-04
87,xinjiang condemns us for awarding fugitive,2019-07-12
88,clean water projects a splash in xinjiang,2020-02-23
89,us has no right to poke nose in xinjiang,2019-07-22
90,freight trains on track to drive xinjiang economy,2019-12-11
91,former afghanistan president praises china's xinjiang policy,2020-02-24
92,ex- xinjiang chairman sentenced to life for graft,2019-12-08
93,"fm calls for europe, central asia to boost ties with china",2020-01-08
94,pompeo's divisive bid to no avail: china daily editorial,2020-01-08
95,china to reopen cinemas with harry potter in 3d,2020-01-13
96,white cannot be called black in xinjiang,2020-03-13
97,pompeo's china-bashing mccarthyism: china daily editorial,2019-09-26
98,tech decoupling will not keep us first: china daily editorial,2019-06-07
99,diplomats from african countries visit xinjiang,2019-08-12
100,us 'behind the curve' because it has failed to act timely on information given by china: china daily editorial,2019-12-04
101,swimming pool makes a splash in the land of fire in xinjiang,2020-01-07
102,"ozil, badmouthing xinjiang makes you look silly",2019-11-01
103,xinjiang tourism trains ease travel around region,2020-03-03
104,ministry rips us paper over 'clumsy tricks' in report on xinjiang,2019-12-06
105,"authorities call for pakistan , china to unite on locust swarm",2019-12-25
106,china to invest 800b yuan in railways in 2020,2020-03-12
107,india 's act puts west's hypocrisy in spotlight: china daily editorial,2019-11-29
108,historical matters concerning xinjiang,2019-07-08
109,xinjiang govt decries attacks by celebrities,2019-12-11
110,xinjiang delegation pays visit to germany,2019-07-22
111,pompeo should see xinjiang first-hand,2020-01-15
112,us using xinjiang to suppress china,2019-12-28
113,top 5 loneliest occupations in china,2019-04-25
114,xinjiang homes benefit from natural gas project,2020-02-03
115,un envoys pay visit to xinjiang to realize region's achievements,2020-03-02
116,diplomat: stability key to xinjiang gains,2020-03-21
117,xinjiang embraces future with vitality and stability,2020-03-04
118,mercedes-benz backs new suv to maintain edge in china market,2019-07-22
119,china leads in renewable energy sector,2019-12-13
120,"xinjiang 's stability, prosperity impressive to foreign scholars",2019-12-09
121,china helps pakistan tackle locust plague,2019-12-16
122,letter about human rights in xinjiang called groundless effort to smear china,2020-03-12
123,xinjiang serves as a model of human rights protection,2020-02-24
124,pompeo's remarks about xinjiang both ridiculous and irresponsible,2019-07-31
125,finished expressway connects isolated xinjiang prefecture,2019-06-24
126,beijing criticizes report on xinjiang,2019-08-26
127,west has to discard prejudice to see real xinjiang,2019-08-17
128,us called on to end visa restrictions over xinjiang,2020-03-24
129,china plans to merge thermal power assets of state companies,2020-01-02
130,beijing slams us defense act targeting china,2020-01-03
131,vocational education and training in xinjiang,2020-02-11
132,experts defend anti-terrorism effort in xinjiang,2020-03-05
133,china will strengthen anti-terror efforts with kyrgyzstan,2019-12-10
134,"stability, development transform xinjiang",2020-03-03
135,xinjiang discharges reservoir water in another effort to revive tarim river,2019-12-30
136,muslims need to be more cautious about western propaganda on xinjiang,2019-11-13
137,west is the emerging destination in china for investment,2020-02-26
138,xinjiang policy in the best interest of local ethnicities,2019-10-31
139,xinjiang assistance targets livelihoods,2020-01-29
140,high-temperature vehicle testing site set up in xinjiang,2020-02-17
141,ambassadors voice support for nation on issues related to xinjiang,2019-07-22
142,xinjiang policy subject to no one's slander,2019-08-15
143,critics of xinjiang policies politically motivated,2019-06-27
144,foreign ministry defends un visit to xinjiang,2019-10-24
145,north china to get relief from heat soon,2020-03-05
146,volunteers lend a helping hand to xinjiang patients,2020-01-20
147,tv show draws china closer to kyrgyzstan viewers,2020-02-10
148,37 envoys write to back china on human rights,2020-03-12
149,"to know china better, make more efforts",2020-04-04
150,xinjiang on the road to modern governance,2019-09-19
151,west's smearing of xinjiang policy hypocritical,2020-02-20
152,japanese travel lover now calls china home,2020-01-03
153,all ethnic groups in xinjiang fully enjoy human rights,2019-07-20
154,xinjiang beckoning rv lovers,2019-10-11
155,turkey looks to improve ties with china,2019-08-28
156,china pushing to get more books in global market,2020-02-27
157,xinjiang vocational schools offering hope,2020-02-09
158,china railway express in chengdu boosts regional economy,2019-11-01
159,china railway express in chengdu boosts regional economy,2019-08-12
160,seeking happiness for people: 70 years of progress on human rights in china,2019-06-20
161,mobile ct unit set up in xinjiang,2019-08-16
162,xinjiang encourages home fitness during novel coronavirus outbreak,2019-07-10
163,tang-era han tombs found in eastern xinjiang,2020-01-14
164,5.6 magnitude earthquake hits southern xinjiang,2020-01-14
165,china sends medical experts to pakistan,2020-03-30
166,xinjiang medical worker lightens hospital mood with dance class,2019-05-24
167,expressway construction resumes in xinjiang,2020-03-03
168,man in xinjiang donates horses to help hubei,2019-08-27
169,"china southern flies 3,000 to workplaces around the country",2020-02-24
170,xinjiang man climbs mountains to help hubei,2019-12-10
171,uygur man reaps rewards of new industries,2020-02-03
172,muslims should know whose interests uygur separatists serve,2019-08-01
173,"xinjiang 's uygur population rising, not declining, official says",2019-10-31
174,uygur brothers turn the valve on poverty alleviation,2019-08-13
175,naan industrial park gives uygur people a new start,2020-03-13
176,uygur makes fortune by expanding melon markets,2019-09-26
177,xinjiang 's achievements impress visiting envoys,2019-07-19
178,us' attempt to smear china through uygur bill will not succeed,2019-12-10
179,us up to old tricks in trying to influence xinjiang cotton industries,2020-02-24
180,xinjiang official criticizes eu move,2020-03-13
181,ministry: 'genocide in xinjiang ' another us lie,2019-07-17
182,birth trend in xinjiang due to progress,2019-12-30
183,"us fabricating lies about xinjiang rights abuses, report says",2019-11-29
184,official hits back over xinjiang accusations,2019-09-27
185,fm rejects rights accusations in xinjiang,2019-07-26
186,us footwear brand skechers : no evidence of xinjiang 'forced labor',2019-11-01
187,report rebukes claims on xinjiang,2019-11-28
188,testimonies of xinjiang 'mass rape victim' proven to be full of loopholes,2019-06-06
189,hyping lies about xinjiang will always exact a price: china daily editorial,2019-04-29
190,"xinjiang 's economic, social development praised",2020-01-10
191,lawsuit filed against german anti-china figure for xinjiang rumors,2019-10-29
192,claims of 'forced labor' in xinjiang dismissed,2019-07-23
193,truth and fabrication on xinjiang 's population change,2020-03-30
194,"xinjiang official accuses bbc of lying, spreading rumors",2019-06-28
195,china condemns summoning of its envoys,2020-01-21
196,false claims aim to hurt prosperity of xinjiang,2020-01-21
197,two-faced' officials exposed in new xinjiang documentary,2019-12-04
198,dongguan companies giving boost to xinjiang economy,2019-12-03
199,journey to xinjiang reveals biases of western media,2019-11-30
200,"by targeting xinjiang , canada barking up wrong tree",2019-09-28
201,allegation of genocide in xinjiang the biggest lie in history,2019-07-09
202,an analysis report on population change in xinjiang,2020-02-03
203,"top legislator spells out stance on xinjiang , hk",2019-09-24
204,dongguan pours funds into development of city in south xinjiang,2019-10-26
205,report: xinjiang textile workers' rights protected,2019-05-08
206,"sinopec finds gas, oil flows in xinjiang",2020-01-30
207,xinjiang 'genocide' talk doesn't bear scrutiny,2019-12-14
208,eu barking up the wrong tree: china daily editorial,2019-10-16
209,xinjiang cotton boycott us -led burlesque: china daily editorial,2020-03-07
210,adrian zenz's lies on xinjiang 's population debunked (6),2020-01-16
211,mechanization of xinjiang 's cotton sector approaches 90%,2020-03-20
212,beijing rips london for 'trick' at un on xinjiang,2019-07-10
213,water a precious commodity in xinjiang 's qira county,2020-02-10
214,birthrate for uygurs is no 1 in xinjiang,2019-10-10
215,canada using human rights as fig leaf to cover its shame: china daily editorial,2020-01-09
216,international mail up 50% in nw china's xinjiang,2020-01-08
217,analysis: report on xinjiang full of holes,2019-07-17
218,washington urged to end import ban on xinjiang,2020-02-12
219,xinjiang rebuts claims about 'racial genocide',2019-08-29
220,fishery thrives in landlocked xinjiang,2019-09-20
221,"western media's disinformation campaign - two tales, one xinjiang",2019-09-25
222,world's smallest stegosaurus track found in xinjiang,2019-12-11
223,"xinjiang : 2 confirmed, 116 asymptomatic virus cases",2020-03-08
224,former xinjiang deputy chair expelled from cpc,2019-08-08
225,xinjiang responding to allegations with contentment,2020-01-01
226,adrian zenz's lies on xinjiang 's population debunked (3),2019-06-06
227,truth of xinjiang speaks louder than slander,2019-12-24
228,xinjiang 'genocide' lie desperate gambit of west,2019-06-14
229,humble nang becomes big business for xinjiang bakers,2019-11-18
230,china shares true picture of xinjiang with malaysia,2019-11-04
231,"relocation changes lifestyle, mindset of xinjiang residents",2019-08-10
232,more countries join china in rebuking western claims,2019-07-05
233,adrian zenz's lies on xinjiang 's population debunked (5),2019-11-20
234,xinjiang villagers see huge changes after relocation,2019-12-14
235,"progress, xinjiang 's answers to those who slam it",2019-09-24
236,genocide claim in xinjiang a rumor fabricated with ulterior motives,2019-12-14
237,xinjiang targets transportation,2019-10-04
238,an analysis of american interference in xinjiang affairs under the context of human rights protection - a research report from the perspective of xinjiang 's population,2019-11-18
239,xinjiang schools to resume operation,2019-11-19
240,china increases efficiency of consumer rights protection,2020-01-07
241,"xinjiang will protect human rights, ensure all ethnic groups live a life of dignity",2019-10-24
242,stop spinning xinjiang cotton yarns,2019-11-12
243,"ban on ramadan fasting 'nonsense', xinjiang says",2019-09-24
244,xinjiang training center grads refute rumors from west,2019-09-20
245,woman leads fellow xinjiang villagers out of poverty,2020-03-18
246,"in cold xinjiang gas field, foxes are family",2019-12-27
247,xinjiang legislature says us act a piece of waste paper,2019-12-18
248,canadian youtuber explains why the west is targeting xinjiang,2019-11-18
249,adrian zenz's lies on xinjiang 's population debunked (1),2019-07-22
250,xinjiang records positive development in fight against covid-19,2020-01-06
251,planting fruit helps bring prosperity to aksu in xinjiang,2019-09-09
252,does xinjiang suppress religious beliefs?,2019-09-06
253,so-called xinjiang population report full of lies,2020-03-12
254,"freedom of religious belief fully protected in xinjiang , says report",2020-02-06
255,xinjiang border port pushes efficiency,2019-10-10
256,intl parcel volume exceeds 20 million at alataw pass port in nw china,2019-10-09
257,thousands of safe new homes on track for xinjiang,2019-10-07
258,washington stoops to new low with its condoning terrorists: china daily editorial,2019-10-23
259,white paper focuses on job security in xinjiang,2019-12-17
260,new xinjiang covid-19 outbreak unrelated to previous episode,2019-09-03
261,educational situation of xinjiang uygur muslims has got improved,2019-12-25
262,use of xinjiang satellite images 'misleading',2019-10-26
263,better livelihoods boost happiness in xinjiang,2019-06-17
264,xinjiang 's confirmed virus cases show slowdown,2019-12-23
265,"dear bbc , bad-mouthing china can't be news",2019-07-19
266,companies should shun anti-china ploys: china daily editorial,2019-11-28
267,xinjiang to operate 26 chartered tour trains,2019-07-18
268,xinjiang progress key to national unity,2019-07-17
269,common xinjiang food boosts farmers' incomes,2019-12-14
270,e-commerce sites pull h&m products after company's xinjiang statement,2019-09-27
271,china has to defend xinjiang cotton,2020-01-24
272,adrian zenz's lies on xinjiang 's population debunked (4),2019-07-16
273,xinjiang woman hooks into success with fish breeding,2019-06-12
274,xinjiang man gives back to community with elder care,2019-09-05
275,employment and labor rights in xinjiang,2019-10-24
276,xinjiang denies report about passports for uygurs,2019-07-06
277,adrian zenz's lies on xinjiang 's population debunked (2),2019-07-06
278,xinjiang pours money into social services,2020-02-18
279,xinjiang spurs tourism revival after overcoming virus outbreak,2019-06-05
280,"evidence' of muslims being suppressed 'utter nonsense', xinjiang officials say",2019-09-30
281,report: faith fully respected in xinjiang,2019-12-04
282,eu should not let investment deal be hijacked: china daily editorial,2019-08-26
283,xinjiang women see more opportunities,2020-04-01
284,china firmly opposes xinjiang -related bill signed by trump,2020-02-12
285,"for villagers in northern xinjiang , wealth sprouts from fields of lavender",2020-02-05
286,"no 'forced labor' in xinjiang , report finds",2019-08-01
287,xinjiang workers deny forced labor claims,2019-08-05
288,fact check: alleged xinjiang 'detention centers' anything but,2020-02-28
289,ngo certification being weaponized: china daily editorial,2019-07-11
290,xinjiang 'population issue' criticized,2019-08-21
291,new covid-19 cases falling in xinjiang,2019-09-10
292,documentary nails west's lies on xinjiang 's fight against terrorism,2019-07-12
293,xinjiang unveils events to mark national cultural day,2019-05-07
294,xinjiang resuming normalcy after outbreak,2019-07-06
295,xinjiang covid-19 outbreak expected to slow: public health expert,2020-02-20
296,eight new coronavirus cases reported in xinjiang,2019-09-24
297,xi hails major progress made in xinjiang,2019-08-03
298,xinjiang records record-high covid-19 recoveries,2019-09-17
299,"after virus fight, xinjiang gives tourism a push",2019-06-27
300,refutation of all xinjiang charges: china daily editorial,2019-07-04
301,"xinjiang successful in containing terrorism, cppcc member says",2019-08-28
302,xinjiang benefits from dean's textile training project,2019-06-25
303,tunnel drilled on major china railway,2019-08-17
304,canada urged to reset relations with china,2019-11-04
305,documentary traces the colorful history of xinjiang,2019-10-10
306,"employment progress in xinjiang key to social stability, experts say",2019-07-22
307,xinjiang import ban applied prejudice: china daily editorial,2019-09-28
308,people's rights fully respected in xinjiang,2019-08-14
309,villagers in southern xinjiang escape poverty through grapevine,2019-12-04
310,xinjiang farmers get a lift from anhui,2019-06-12
311,"no forced labor in xinjiang , report says",2019-08-19
312,us sanctions on xinjiang firms are an 'act of blatant bullying',2019-12-23
313,import-export paperwork streamlined in xinjiang,2019-12-28
314,"sanctions imposed on us entity, officials over xinjiang -related issues",2019-10-09
315,documentary tells true story of xinjiang training centers,2019-10-09
316,train shipments build steam in xinjiang,2019-08-17
317,npc condemns xinjiang -related bill signed by trump,2019-09-07
318,investigation report on the situation of xinjiang outbound young migrant worker of all ethnic groups,2019-07-30
319,ancient instrument strikes enchanting chord of opportunity in xinjiang,2019-07-22
320,xi says china opposes any intervention in its internal affairs,2019-11-12
321,xinjiang reports record spike in covid-19 patients,2019-12-23
322,xinjiang looks to expand digital economy,2019-07-30
323,china slams us enacting law on uygurs,2019-10-01
324,officials slam us sanctions on xinjiang products,2020-01-22
325,toxic legacy need not poison relations: china daily editorial,2019-04-20
326,"uygurs not 'persecuted', xinjiang spokesman says",2019-05-23
327,a report on freedom of religious belief in xinjiang,2019-07-24
328,documentary nails lies about xinjiang,2019-12-03
329,xinjiang records highest daily number of covid recoveries,2019-06-19
330,medical aid boosts tibet and xinjiang healthcare,2019-08-29
331,cui: china not looking to rule the world,2019-05-06
332,xinjiang rejects us' report on mosques,2019-06-05
333,pakistan 's ambassador praises xpcc's role in xinjiang development,2019-07-15
334,track-laying progresses in xinjiang,2019-07-31
335,human rights well protected in xinjiang,2019-09-18
336,industries creating work in southern xinjiang,2019-08-29
337,china showing heavy travel demand for national day holiday,2020-02-24
338,australia to blame for soured relations: china daily editorial,2019-09-04
339,some reason would be welcome: china daily editorial,2019-06-21
340,workers' rights safeguarded in xinjiang,2019-10-21
341,new xinjiang cases drop to single digits,2019-06-25
342,"pompeo, 27 more banned from china",2019-07-15
343,china condemns us 'forced labor' bill,2020-01-22
344,valuable experience gained will help china to control sporadic outbreaks: china daily editorial,2019-07-17
345,china wins hard-fought battle against extreme poverty,2019-08-02
346,whole world needs to take pandemic seriously: china daily editorial,2020-02-26
347,officials work to relieve poverty in xinjiang county,2019-07-04
348,comprehensive bid to cut cold chain infections: china daily editorial,2019-08-20
349,china slams us taking etim from terror list,2019-09-27
350,china striding on despite malicious propaganda,2019-09-26
351,cinemas in china reboot in july,2019-08-17
352,xinjiang housing construction nears completion despite outbreak delays,2019-07-29
353,qingdao shows risk of lowering guard: china daily editorial,2019-07-30
354,bridge for villagers in xinjiang is a journey to convenience,2019-09-20
355,us should check its reckless ambition: china daily editorial,2019-12-23
356,re-education camp in xinjiang ? let's find out the truth,2019-12-27
357,"western china to see boost to transport infrastructure, ministry says",2019-11-20
358,is biden's china team fit for the job?,2019-07-12
359,china ready to boost ties with japan,2019-05-08
360,xinjiang training center grads refute rumors from west,2019-06-05
361,46 countries support china's anti-terrorism work in xinjiang,2019-07-30
362,"yunnan , xinjiang hit anti-poverty goals",2019-05-03
363,china suspends hk-nz fugitive deal,2019-10-04
364,china suspends hk-nz fugitive deal,2019-11-04
365,china again?' new us claims don't hold water,2019-08-15
366,prevention and control measures still matter: china daily editorial,2019-06-18
367,china slams us over curb on tech visas,2019-06-24
368,no lax vigilance for tourism and cinemas: china daily editorial,2019-06-18
369,cold chain logistics becomes a trend in china,2019-11-26
370,pragmatism can help australia improve relations with china,2019-07-13
371,"construction underway on 4,000 5g base stations in xinjiang",2019-07-09
372,preventive measures now normal part of life: china daily editorial,2019-05-16
373,washington's unilateralism is pushing the us adrift from the rest of the world: china daily editorial,2019-07-02
374,"xinjiang , dalian discharge more covid-19 patients",2019-07-05
375,bad-mouthing china a habit of the past: china daily editorial,2019-08-14
376,"contagion rebounds in xinjiang , hksar",2019-07-05
377,countries back china over rights in xinjiang,2019-07-08
378,"china works to ensure long-term peace, stability for xinjiang",2019-11-21
379,china urges us to avoid misjudgment,2019-05-31
380,"tibet , xinjiang lead gdp growth stakes",2019-06-28
381,china plans more maglev lines,2019-06-17
382,china offers alternative path for developing,2019-09-07
383,double standard of west on hk and xinjiang has been exposed,2019-09-03
384,china has always pursued peaceful foreign policies,2019-06-14
385,alert raised over floods in northern china,2019-09-05
386,western china still bright spot for economy,2020-01-02
387,china southern expands fleet to boost cargo operations,2019-06-11
388,cpc-led china firmly on path to prosperity,2019-04-30
389,uygur female presents true picture of xinjiang,2019-05-02
390,photo exhibition on xinjiang held in pakistan,2019-07-15
391,fact check: the xinjiang 'forced labor' smear,2020-03-06
392,china summons eu envoy to protest sanctions over xinjiang,2019-11-22
393,xinjiang farmer refutes pompeo claims,2019-12-19
394,water a precious commodity in xinjiang 's qira county,2019-07-08
395,xinjiang presents raft of activities for tourists,2019-04-25
396,new covid-19 cases reported in xinjiang,2019-05-16
397,reed artworks help incomes grow in xinjiang,2019-06-25
398,reed artworks help incomes grow in xinjiang,2019-09-03
399,xinjiang 's aksu: a taste of local life,2019-09-30
400,reed artworks help incomes grow in xinjiang,2019-05-02
401,reed artworks help incomes grow in xinjiang,2019-04-25
402,xinjiang farmer: 'we all live peaceful lives',2019-06-10
403,reed artworks help incomes grow in xinjiang,2019-11-13
404,xinjiang man shapes a new future in steel factory,2019-10-14
405,communications worker marvels at fast growth in xinjiang,2019-07-17
406,busy but wonderful life for xinjiang property agent,2019-08-07
407,reed artworks help incomes grow in xinjiang,2020-03-27
408,blacksmith forging a future for xinjiang folk art,2019-06-28
409,smartphone master' a bridge to world in xinjiang,2019-07-01
410,xinjiang pastry chef pursues passions with vigor,2019-05-13
411,china cultural center reopens exhibition center in seoul,2019-08-26
412,"former xinjiang official under investigation, anti-corruption bodies say",2019-11-13
413,high winds hit xinjiang entry port,2019-09-20
