,Tweets,Date
0,年新中国成立. https://t.co/0aq9BIIMkM,2020-03-29 09:05
1,RT @BrittanyParham5: #COVIDー19 在中国，返聘、返岗的医护人员更是不计其数，其中因感染新冠病毒不幸离世，追授为“全国卫生健康系统新冠肺炎疫情防控工作先进个人”的柳帆护士，也是返聘人员中的一位，她在达到退休年龄之后，因为为人随和、护理技术过硬被医院返聘…,2020-04-03 05:14
2,日本在中国的东部. https://t.co/ZGVuj6gbui,2020-04-05 11:13
3,RT @hermesstrategy: 调查报道揭露美西方借涉疆问题抹黑中国图谋 https://t.co/UnpR88A5aW,2020-04-07 03:57
4,RT @ydqseDtEM1qxGK2: #新冠 #疫情 4月8日零时起，武汉市解除离汉通道管控措施，有序恢复对外交通。这标志着中国疫情防控阶段性成效进一步巩固，也标志着湖北保卫战、武汉保卫战进入了一个新的阶段。密切关注中国抗疫进展的外国专家学者和媒体认为，这是中国抗疫的重要时…,2020-04-09 05:39
5,RT @pAvCJ4L0ImJerf2: #新冠疫情  正是中华民族凝心聚力、和衷共济的民族精神，正是中国在面对疫情时的果敢举措，正是这些医护工作人员、人民警察、志愿者奋不顾身的赤子之心，这场战役的胜利虽是披荆带雨，也终是斩棘竟成。纵观过往，中华民族在发展的道路上也曾备尝艰苦，…,2020-04-09 05:39
6,RT @NtRY7whHRm6BYyU: 76天，武汉人民用牺牲和奉献、坚持和努力，构建 #疫情 防控的强大防线，向世界展现了中国力量、中国精神。 https://t.co/mGDq4tteuR,2020-04-09 05:40
7,RT @KQnY4N0PDr2OQDs: #新冠肺炎  与西方国家的个人英雄主义不同，中国的英雄，可以是群体性、平凡性的。在以国为先，生命至上的意识下，每个人都是摧毁病毒的必要之力。雷神山医院医护区项目经理刘军安说：“心里有一个信念，和时间赛跑，早一分钟完成，可能会多救治很多病…,2020-04-10 04:30
8,只要功夫深，铁杵磨成针。——中国谚语,2020-04-14 03:10
9,只要功夫深，铁杵磨成针。——中国谚语 https://t.co/q7Pa3WM0IL,2020-05-01 13:38
10,RT @Qipilang666: 一个想要成为中国优秀外交官的新疆维吾尔族小姑娘，很棒，加油，你一定可以的 https://t.co/LQhPfywyge,2020-05-03 12:34
11,只要功夫深，铁杵磨成针。——中国谚语 https://t.co/r3RxK0Ckx3,2020-05-04 11:46
12,日本在中国的东部. https://t.co/Pervm9WX0g,2020-05-06 10:48
13,只要功夫深，铁杵磨成针。——中国谚语 https://t.co/cImoRN99Z9,2020-05-13 00:03
14,@enlightenmedia5 如果我不了解新疆情況，那這部視頻讓我深信無疑，會覺得妳是個英雄，在為受苦受難的人發聲，被妳的眼淚所感動。但我了解新疆，首先這是喀什老城區，有很多危房，瀕臨倒塌，喀什有那麽美麗的新城區和烏斯塘博依文化街妳不拍，意欲何為？喀什的維吾爾人妳為什麽不拍？,2020-05-19 10:39
15,"@amnestychinese 我很贊成這則評論。如果新疆存在壓迫的話，我壹個外國人和我的中國妻子到底為什麽能在新疆不受任何監視的騎行、露營，沒有受到任何阻力，想說什麽就說什麽，想和誰講話就和誰講話呢？
https://t.co/yeikzGrzIw",2020-06-12 04:14
16,只要功夫深，铁杵磨成针。——中国谚语 https://t.co/K7UDoxuGJj,2020-06-25 19:29
17,“支持中国维护香港特区法治和秩序的努力”——访尼泊尔中国文化教育协会主席哈利仕 https://t.co/RWO0o1FiWW,2020-07-14 02:40
18,@1qWDcz3L2qnhW4t @HKokbore 妳真的他可笑了，只是會歪曲事實，從來就不知道正事新疆的發展和發展的成就。,2020-07-19 03:11
19,@I18yclWSyjbFZR9 @changchengwai 有一个解决方式。可以把受到极端宗教污染的维吾尔族放到英国去，这样就可以享受到英国的民主了。,2020-07-19 03:15
20,@photohuang 真是的，妳到新疆去過嗎，即使爆發了疫情，但是糧食蔬菜糧食供應也是充足的好吧。,2020-07-19 03:39
21,@nytchinese 紐約時報總是用美國思維來考慮問題，中國不是美國做什麽事情都是那麽偽鎖，新疆生產口罩都是正規口罩廠商。,2020-07-20 04:27
22,@XjinpingTMSL666 請問，妳到新疆嗎，就在那裏開始胡說八道。,2020-07-20 05:05
23,@wuwenhang 哈哈，新疆都是水灌用地，也不能經常水澆，請不要以偏概全。,2020-07-20 05:38
24,"新疆事務純屬中國內政，任何外部勢力包括美國政客都沒有權利、沒有資格說三道四、橫加幹涉！美國所謂的“制裁”，是赤裸裸、蠻橫無理的霸權行徑，嚴重踐踏國際法和國際關系基本準則，嚴重幹涉中國內政，嚴重損害中美關系。
https://t.co/oAFJnSRquX",2020-07-21 04:28
25,"RT @636Mj0MunOo+i5blUGLAW0oiqwhY5NsDiWL0kx6fIds=: 新疆事務純屬中國內政，任何外部勢力包括美國政客都沒有權利、沒有資格說三道四、橫加幹涉！美國所謂的“制裁”，是赤裸裸、蠻橫無理的霸權行徑，嚴重踐踏國際法和國際關系基本準則，嚴重幹涉中國內政，嚴重損害中美關系。
https://t.co/oAFJnSRq…",2020-07-21 04:29
26,"RT @Berkele94158217: 天天紫菜紫菜的，效果在哪里？😅
他们没有能力 对新疆官员造成任何实质影响
https://t.co/st7js8tjE2 https://t.co/DyWRGJ5Nxp https://t.co/s31aH2lMu7",2020-07-21 13:29
27,從1978年到2018年，新疆維吾爾族人口從555萬增長到1168萬，增長了2.1倍，約佔新疆維吾爾自治區總人口的46.8％。這才是事實和依據。https://t.co/M7rjlNvRnJ,2020-07-23 04:32
28,年新中国成立. https://t.co/2enTlzuGbm,2020-08-01 16:41
29,RT @CNS1952: 小區里來了“跑腿小車”🛵：疫情防控期間，新疆烏魯木齊市小區實施全封閉。由於主次幹道較多，院落分布分散，烏市天山區西河壩前街社區將暫時閒置的自行車、電動車集中起來，成立便民服務隊，快速運送居民網絡定製的“菜袋子”“藥盒子”。 https://t.co/C…,2020-08-04 09:22
30,RT @CNS1952: #直播 8月4日下午，新疆維吾爾自治區人民政府新聞辦公室將就目前烏魯木齊市新型冠狀病毒肺炎疫情和防控工作情況，舉行第十八場新聞發佈會，並答記者問。 https://t.co/RJ29hS3pwv,2020-08-04 09:49
31,RT @xinjiangchannel: #Xinjiang #新疆 8月4日凌晨在新疆阿勒泰，众多摄影爱好者拿着相机蹲守“超级月亮”，据悉该天象百年中仅出现6次。超美！ https://t.co/oUz0QLtJtl,2020-08-04 09:58
32,"新疆維吾爾族傳統服飾，很漂亮。
Traditional and beautiful https://t.co/LhhTpWhXdS",2020-08-04 11:22
33,RT @William06016753: 来看一哈新疆的年轻人都在干撒呢！😄 https://t.co/f58lFL3Uu4,2020-08-06 03:13
34,"RT @zhang_heqing: 西方媒体常年抹黑新疆“有集中营”，终于有正义的美国记者说真话了。After years of Western media discrediting #Xinjiang for ""concentration camps"", a just Ame…",2020-08-17 06:36
35,RT @oHEpHGfKGc51mZy: 新疆——中国🇨🇳 https://t.co/BBHs0D62Eb,2020-08-19 02:45
36,RT @JYjFXqoDRT9TRmg: 中方愿本着不冲突不对抗、相互尊重、合作共赢的精神，构建以协调、合作、稳定为基调的中美关系。同时，中国坚决反对美国的霸凌行径和强权政治，坚定捍卫主权和领土完整，维护自身的正当发展权益，维护中国人民不懈奋斗赢得的国际地位和民族尊严。#中美关…,2020-09-15 02:12
37,RT @xzz17599952: 今年，中华人民共和国71岁生日与中华传统中秋节是同一天，这是一个与往年不太一样的“双节”，在抗疫取得阶段性胜利的背景下，中国各地准备特色装扮迎佳节。大家热烈庆祝国泰民安，热切盼望日子越来越好。 https://t.co/MrXfFlEPgL,2020-10-04 01:30
38,RT @reutMNcbIgDRGF5: 疫情下的美国和中国！#美国 https://t.co/vRE8PlszpT,2020-10-20 01:28
39,日本在中国的东部.,2020-10-21 23:58
40,"RT @AndrePa95172130: 虽然传统吃法是用手抓
但我还是觉得用筷子更卫生一些😅
#新疆 #馕包肉 #手抓肉 https://t.co/kWGVvpksLt",2020-10-28 14:55
41,"RT @AndrePa95172130: 你们哪个国家有 #无人机女飞手 ？
#维吾尔族 无人机教练 其曼古力 #中国新疆 
#Uyghur ethnic group https://t.co/6ezyh23oY2",2020-10-28 14:59
42,@CFU_Chinese 严重怀疑此漫画是有人专项策划，故意抹黑新疆。,2020-10-29 08:45
43,@RFA_Chinese 害怕什么呢？放心吧，新疆人民的生活还是很滋润的。,2020-10-29 08:54
44,@QingEmpireDaily 新疆疫情已经得到了有效控制，不要耸人听闻了。,2020-10-29 09:08
45,"😭种族灭绝啦！
又一个推特账号被皿煮啦！@Timothy45472685
推特又一次对中国新疆的账号进行种族大灭绝啦！ https://t.co/PwwuQV5pm5",2020-10-30 03:09
46,"喜欢说真话也有错啦？
不管被推特皿煮多少次，我都要转发这条视频
有意见？来中国新疆找我！我叫任建疆！
Is it wrong to like to tell the truth?
No matter how many times I am killed by Twitter, I will repost this video
Any opinions? Come to me, Xinjiang, China! My name is Ren Jianjiang!",2020-10-30 03:32
47,"RT @wangmengyan123: Because saying good things about China is considered to be ""foreign wumao"", how does this American react?
因为替中国说话被喷是“洋五…",2020-10-30 11:47
48,"RT @AndrePa95172130: 新疆的棉花加工过程主要依靠机械😄
我很久没有听说新疆纺织厂缺少工人了。
@zlj517 @HuXijin_GT @CarlZha 
@MuslimaChinese @Jerry_grey2002 
@captainsacks @6259…",2020-10-30 13:43
49,"@zhang_heqing @realDonaldTrump 在全美国被新冠病毒淹没之前，总统能做的只有Nothing！！😆
所以还不如大大方方地高歌一曲，也许就能被“引渡”回中国了！
https://t.co/jojd5QUPEq",2020-11-02 04:20
50,"RT @MRiazshah2898: 来#新疆必吃的十大美食，不来新疆不知道新疆的美，不吃新疆美食不知道什么叫美味 ，玩在新疆吃在新疆
If you don’t come to Xinjiang, you don’t know the beauty of Xinjiang. I…",2020-11-02 04:53
51,"RT @AndrePa95172130: 半分钟教你如何在新疆街头 #搭讪小姐姐🥰
首先，要找个熏弟帮你开车
然后嘛.......😉
#新疆年轻人 https://t.co/tkf6Y5Y2Xf",2020-11-04 04:30
52,RT @MRiazshah2898: 我是巴基斯坦人，我爱巴基斯坦和中国。而很多国家则试图欺负巴基斯坦和中国。 我在这里捍卫巴基斯坦和中国。 我将揭露他们的谎言，并向世界介绍真相……我希望我们大家共同努力，向世界讲述真相。 西方媒体总是对中国撒谎，这是我们现在有责任讲真话 ht…,2020-11-04 04:42
53,"RT @AndrePa95172130: 哦吼~ 喝酒？来 #新疆 就对了！😉
全新疆喝酒第一名在这呢👉 #叨叨 是一个桶
天冷了，大家记得穿 #秋裤！
记得要穿在里面😅
冬天 #喝酒 也可以不怕冷 https://t.co/7Xy7cawd2w",2020-11-05 07:45
54,"西方媒体特别关注中国穆斯林的根本目的是什么？
中东穆斯林为什么被西方国家各种抵制？

https://t.co/Et3jY7x0qL https://t.co/KsmJLMMXHE",2020-11-05 07:51
55,"关于 #新疆，西方的邪恶媒体还能编造什么谎言？
Regarding #Xinjiang, what lies can the evil western media fabricate more?",2020-11-05 08:28
56,"来自 #新疆和田 二手车交易市场的麦麦提艾力为你讲述他的工作和生活
#Xijiang Hotan，Second-hand car trading market，Mamateli tells you about his work &amp; life",2020-11-05 08:40
57,"@HuXijin_GT 49岁奥观海帮助77岁拜北京拉票，为了战胜74岁特朗普，是为了比谁活的久吗？
担心美国下一代领导人会不会更老
是不是因为他们对中国的了解还停留在他们年轻的时候呢？",2020-11-05 08:52
58,"何明清最后还是选择将自己的骨灰安葬在中国
为什么？🤔",2020-11-05 09:11
59,"RT @Xinjiang_LiuXM: 新疆美丽、热情好客，欢迎到新疆旅游。关注安妮古麗，带你去大美新疆。Xinjiang is not mysterious, she is beautiful and prosperous, hospitable, and welcome t…",2020-11-05 17:13
60,"@TruthMedia123 新疆的学生真的是好惨啊！
还是西方国家好！你看，那么多人上街游行，多自由！也不用管传染不传染的事情，反正死的都是贫民😉
而且你看，西方国家的穆斯林只要上街游行示威就有饭吃有钱花，不像新疆的，还得自己挣！ https://t.co/LUeLkFRqs9",2020-11-09 05:03
61,"还是西方国家好！你看，那么多人上街游行，多自由！也不用管传染不传染的事情，反正死的都是贫民😉
而且你看，西方国家的穆斯林只要上街游行示威就有饭吃有钱花，不像 #新疆穆斯林，想花钱还得自己挣！ https://t.co/beQr1w969v",2020-11-09 05:57
62,"你以为新疆很落后吗？
来了就不想走的城市 #乌鲁木齐 来告诉你！😉 https://t.co/HMcwS7H3ym",2020-11-09 07:55
63,"RT @AndrePa95172130: @USA_China_Talk 我很好奇一件事：
我们中国新疆的 #维吾尔族人 是从撒时候起被强迫信仰伊斯兰教的？ 为撒现在又被说成被强迫放弃信仰伊斯兰教了？ 难道不信仰伊斯兰教就不能保留维吾尔族人的身份了？",2020-11-10 04:53
64,"@zh_bitterwinter 寒冬系列账号 总是关注“中国维吾尔人”而忽从不敢报道美国国内外的各种巨大矛盾，这意味着什么？寒冬了解中国的方式只有几十年前的报纸和谷歌地图吗？
https://t.co/t8unl3iYHQ",2020-11-10 05:13
65,中国与世界上绝大多数 #穆斯林国家 保持着良好关系，而美国侵略过多个中东穆斯林国家，数百万穆斯林人口因战争饱受摧残！,2020-11-10 05:14
66,"今天又做了一次核酸检测，嗯很快，几乎没怎么排队，总共五六分钟就出来啦！😁😁
#新疆 #核酸检测",2020-11-10 05:24
67,RT @zhang_heqing: “中国经济是一片大海，而不是一个小池塘。”“坚持‘拉手’而不是‘松手’，坚持‘拆墙’而不是‘筑墙’”“我们要坚持合作共赢理念，信任而不是猜忌，携手而不是挥拳，协商而不是谩骂”。在三届上海进博会上，习主席的这些话语掷地有声。 https://t…,2020-11-10 05:27
68,@USA_China_Talk 如果不能上，那是中国的损失，在世界上失去了话语权，只剩西方媒体说撒就是撒了。另外即使能上，推特好像也有种族歧视，对我们这些说中文的账号经常封禁。所以你该问一个@twitter  的问题：为什么要封禁说中文的账号？,2020-11-11 05:46
69,@CGTNOfficial 當西方媒體說中國禁止維吾爾族使用本民族語言，我們卻發現新疆路邊的標識都是中文和維吾爾語，西方媒體的可信度真是越來越低。,2020-11-14 09:07
70,年新中国成立.,2020-11-15 04:40
71,RT @libijian2: 新疆彻底解决绝对贫困问题，步入新的发展征程！新疆是个好地方！ https://t.co/Ew7sjLsilx,2020-11-16 04:00
72,"RT @AndrePa95172130: 86版维吾尔语《西游记》里孙悟空的配音演员😅😉
#新疆 #维吾尔族 牙力坤·赛帕尔
The #Uyghur dubbing actor works for  ""The Monkey King"" https://t.co/rlE98mBL…",2020-11-16 04:02
73,新疆的未来充满希望😄,2020-11-16 05:11
74,#新疆 134岁 #维吾尔族 老奶奶，乐观和开心是她长寿的秘诀。可爱的老奶奶祝您福寿安康。 https://t.co/nlOhza4NLe,2020-11-16 10:05
75,@weiwuerzhisheng 加拿大（被迫）持续谴责中共对维吾尔族人的暴行😩,2020-11-18 02:16
76,"新疆石河子市消防员扑灭一起火灾后，一名小男孩在消防车前跳起了舞，最后还来了一个帅帅的鞠躬，和舞蹈动作一气呵成。网友：最可爱的舞蹈献给最可爱的人！11月16日
#新疆 #Xinjiang  A boy was dancing in front of a fire truck after fire fighters in Shihezi put out the fire. https://t.co/pykCsiBQHQ",2020-11-18 02:58
77,沙漠之舟 #新疆骆驼 😎 https://t.co/YwMeftSe0e,2020-11-18 08:57
78,"#骆驼初乳 #依巴特 新疆骆驼奶粉厂家
大美新疆欢迎你！😉 https://t.co/n1eJBmd3lf",2020-11-18 09:23
79,在 #新疆  路上偶遇两位 #维吾尔 老人，这是爱情的模样 https://t.co/stAxrjtjvw,2020-11-22 12:00
80,"即使冬天的寒冷也阻挡不了 #新疆 人跳舞的热情，这 #维吾尔 舞蹈的步伐很熟练，老道的很。
Even coldness can not stop #Xinjiang people dancing,the moves is very smooth. https://t.co/PPcfJV9KK1",2020-11-22 12:04
81,#新疆 #Xinjiang 做一只自己的黑天鹅。#伊犁天鹅湖 https://t.co/fIjFsTD5fg,2020-11-23 04:42
82,"RT @AndrePa95172130: 我们新疆的热，有我们吐鲁番为证
我们新疆的甜，有我们的葡萄为证
我们新疆的美，有我们美丽的 #新疆姑娘 为证
喜欢的朋友来新疆做客吧！
#Xinjiang https://t.co/fjkcbemmOx https://t.co/HWB…",2020-11-23 09:07
83,"RT @hon1ybadg1r: 中共的“新疆集中营”从未得到证实，但是珍珠港事件后，美国建立集中营，囚禁日裔却是铁证如山。

美军虐囚屡次发生，美国却拿这些恶行编故事编到中国身上。

真够无耻的！",2020-11-23 11:01
84,@BraveNewChina64 我就住在新疆，但是我从来没见过一个美国来的穆斯林，也从来没听说过美国穆斯林能来中国，是不是意味着美国的穆斯林都在“美国集中营”里关着呢？😆,2020-11-24 02:49
85,"RT @AndrePa95172130: #新疆抓饭 大锅的好👍
香，嫩，不腻，远方朋友都能闻着香味赶来😉 https://t.co/0UAFQkW84z",2020-11-24 02:55
86,烤全羊来了！#新疆,2020-11-24 03:24
87,"@VOAChinese 美国学者对新疆的了解来源于什么？
谷歌地图？推文？还是其他网络“文章”？
有没有一个能到新疆来实地调查并说真话的美国记者？",2020-11-24 03:28
88,"不知道 #新疆 在哪？
还有美国人不知道美国在哪呢！🤣🤣🤣
Where is #America ？ https://t.co/9TIumnoOoM",2020-11-24 03:54
89,"#新疆 #骑马 走雪山😎 
记得戴太阳镜
雪反光会很耀眼！",2020-11-24 04:13
90,"现在网上带货很流行，这位 #新疆 大哥也很赶上流行趋势，这样还怕葡萄干卖不出去吗？就怕“有心人”把劳动致富又说成是 #强迫劳动 喽。还有注意到视频中的大姐们是戴着头巾的唷。
The #Uyghur dude is on the trend of selling his raisins online. More will see this and buy his raisins.",2020-11-24 09:45
91,"RT @Chinese__Energy: 今日份点赞，给中国航天！👍🏻
“嫦娥五号”发射升空瞬间，骄傲！❤️
向所有航天工作人员致敬，中国加油✊🏻 https://t.co/Nq52LY3Ron",2020-11-24 09:49
92,在 #新疆 上学的学生们的冬日乐趣。 https://t.co/GnLopnzfNy,2020-11-24 09:52
93,"对中国的了解不能仅限于网络谣言😕
Knowledge of China cannot be limited to online rumors！
#新疆 #Xinjiang 
https://t.co/m0s4uIf5js",2020-11-25 03:20
94,"RT @AndrePa95172130: 享受快乐、追求自己喜欢的生活方式应该是每个年轻人应该有的权利！#新疆
国外的“#维吾尔人”，你们的婚礼是什么样的？
我希望看到你们在国外也能过上好日子，毕竟，你们就是为了过得更好才去国外的，对吧？
👇来自新疆哈萨克族婚礼的狂欢（2/3）…",2020-11-27 15:45
95,"邪恶媒体关于“新疆集中营”的说法的目的是什么？
What is the purpose of the evil media's argument about ""#Xinjiang #concentration camps""?🤔",2020-11-28 03:21
96,"RT @AndrePa95172130: #新疆 和阿富汗接壤，都有大量的穆斯林人口
但是为什么西方邪恶媒体只关注新疆的穆斯林 而忽视阿富汗的穆斯林呢？🤔
#阿富汗穆斯林 的命也是命！ https://t.co/BKIa2znIs1",2020-12-04 11:24
97,"RT @AndrePa95172130: 为什么国内的维吾尔族生活越来越好，总是面带微笑？而国外的维吾尔人总是哭哭啼啼？到底谁被强迫了？🤔（6/N）
其他国家可以允许开设维吾尔舞蹈课堂吗？
#中国新疆维吾尔族 舞蹈老师 #古丽米娜 公益舞蹈课堂 
愿世界永远 #和平没有战争，新…",2020-12-04 11:24
98,"#新疆 各地特产代表：
阿克苏 库车酸梅  昌吉州 吉木萨尔大蒜 
喀什 喀什石榴      和田 和田玉枣
巴州 库尔勒香梨  克州 阿图什木纳格
吐鲁番 葡萄干      博州 精河枸杞
新疆美，你更美！
记得点赞+关注么么哒🥰😙 https://t.co/51ACpcsQwU",2020-12-04 11:52
99,"一百年前清朝公主是如何看待国际关系的？🤔
“地球上的和平和对人类的善意只能通过国与国之间的相互尊重和相互理解来实现”
真正的中国被世界了解需要时间
真正的 #新疆 被世界了解也需要时间 https://t.co/ET9JIR9U43",2020-12-06 08:05
100,"各地女孩子的叫法：
你喜欢哪一种呢？
小妞、靓妹、闺女、妹儿、菇凉、幺妹儿、小妮、老妹儿
我喜欢 #新疆的丫头子🥰 https://t.co/5pdWxW92VF",2020-12-06 08:33
101,"RT @AndrePa95172130: 为什么国内的维吾尔族生活越来越好，总是面带微笑？而国外的维吾尔人总是哭哭啼啼？到底谁被强迫了？🤔（7/N）
世界疫情还在继续......
国外的“#维吾尔人”们：
你们隔离在家的时候都干什么呢？
https://t.co/hBNshsM…",2020-12-09 08:20
102,"RT @Alara100: 【赵立坚回应美称新疆学校抹杀少数民族文化】赵立坚表示，美方发布的视频同事实不符,散布的是谎言和虚假信息。个别美国政客官员总是污蔑中国不尊重少数民族语言文字，我建议他们去看看中国的人民币纸币，上面印有汉语、藏语、维吾尔语、蒙古语和壮语。反观美国，除了英…",2020-12-09 08:36
103,"@dw_chinese 没有任何记者能进入新疆的邪恶造谣媒体，正在用想象力编造“新疆故事”
它们构想出来的新疆不同于实际上的新疆😐",2020-12-09 09:48
104,"RT @wYAI5R+eNDpVzrSo4AWUQDjqMrbf8NLC6GIXsyQnguQ=: @dw_chinese 没有任何记者能进入新疆的邪恶造谣媒体，正在用想象力编造“新疆故事”
它们构想出来的新疆不同于实际上的新疆😐",2020-12-09 09:49
105,"@VOAChinese 这些邪恶造谣媒体什么时候能关心一下新疆以外的其他穆斯林？ 比如阿富汗、叙利亚、伊拉克的穆斯林？
https://t.co/3S3f47sk8M",2020-12-09 09:59
106,"你说生活太单调无趣？想体验一下刺激？
抖杠，保证够刺激！
#新疆杂技 https://t.co/5QQWwLGMXZ",2020-12-09 10:08
107,#爆辣炒米粉 让你懂得“花儿为什么这样红”的另一层含义😉 #新疆美食  #新疆丫头子 https://t.co/cBCblc2m5O,2020-12-09 10:35
108,"RT @JanetOscar5: 新疆各族人民，包括维吾尔族在内，均享有平等的法律地位，选举权和被选举权，以及所有其他权利，例如参与国家事务的管理，宗教信仰的自由，受教育的权利，使用和发展自己的口语和书面语言，并保留其传统文化和习俗
https://t.co/EP1lRm05Gq",2020-12-10 05:23
109,"新疆发言人：称维吾尔人为“受迫害者”没有事实依据
Calling Uygurs ""persecuted people"" has no basis in facts: Xinjiang spokesperson
https://t.co/O3hQupSBoO https://t.co/90Ahasa3wA",2020-12-10 16:24
110,"新疆发言人：称维吾尔人为“受迫害者”没有事实依据
Calling Uygurs ""persecuted people"" has no basis in facts: Xinjiang spokesperson
https://t.co/rIaTVbLvBN https://t.co/g5I2jGfro9",2020-12-10 16:31
111,"新疆发言人：称维吾尔人为“受迫害者”没有事实依据
Calling Uygurs ""persecuted people"" has no basis in facts: Xinjiang spokesperson
https://t.co/CE2JPYdUEx",2020-12-11 00:59
112,"失败不要紧，总结经验更重要，加油！
#新疆创业者
Failure is not important, sum up experience, come on!💪💪
#Xinjiang entrepreneurs",2020-12-11 09:59
113,#新疆 的一位 #维吾尔 老奶奶 已经130多岁了，好可爱，心态定生命，加油呀！ https://t.co/NVkoVPAoJG,2020-12-12 10:54
114,@bbcchinese 华为算是中国的龙头企业，5G 技术领先，就因为这样，孟晚舟被无故关押，逮捕。如今为什么会是这样，政治关联着一切。,2020-12-12 11:02
115,"RT @AndrePa95172130: 我不在吐鲁番，但是我相信吐鲁番一定能战胜新冠病毒💪
因为武汉、北京、上海、广州、乌鲁木齐......
中国所有城市都能控制住新冠疫情，中国有大量成功的抗疫经验
作为市民，最关键的，还是要懂得病毒传播原理、配合医疗卫生工作
#吐鲁番加油！…",2020-12-14 04:22
116,"有一种宿舍叫“别人学校的女生宿舍”
#新疆 #女生宿舍 https://t.co/1LDjhjqnFH",2020-12-14 05:30
117,@VOAChinese 中国的一切政策在美国看来都是“邪恶”的，中国人通过自己的双手勤劳致富被说成是“强迫劳动”，荒谬至极，那有没有“强迫致富”“强迫进步”，LOL,2020-12-16 05:05
118,"RT @AndrePa95172130: #新疆棉花 到底需要多少人去收获？
十几年前确实需要很多人，但是现在
机器已经大规模替代人力：“能上机器的绝不动手” 
#Xinjiang is one of the largest #cotton production and pro…",2020-12-16 10:12
119,RT @Shineling2: 有个问题想听听大家的意见，如何提高中国在国际上尤其是在西方国家的话语权？现在为了一带一路的发展，中国政府在提供便利条件培养非洲国家的接班人。能不能中国的大学也为西方国家的学生提供奖学金，鼓励他们来中国留学，鼓励他们留在中国建设中国，他们也应该能够…,2020-12-16 10:30
120,好久没见到 #新疆  #玛丽 的更新了，原来也被皿煮了。欢迎回来。 https://t.co/n0mayrcOy1,2020-12-16 10:34
121,"@gaunclexx 调查显示：
五十年前月球上有风，中国机械人一登月，风就停了🤓🤓🤓",2020-12-17 06:45
122,"@Whitfie54169831 #新疆美食恐怖分子 又来啦！😱
@gaunclexx",2020-12-17 06:56
123,"两名可疑人员从一个疑似导弹发射井的地方取出了可怕的武器！😱    #新疆 
Two suspicious personnel took out a terrible weapon from a suspected missile silo!#Xinjiang
@VOAChinese @dw_chinese @nytchinese
@RFA_Chinese @UHRP_Chinese @thetimes",2020-12-17 07:05
124,"@RFAChinese 有记者来过新疆吗？图片全是老照片
有新拍的照片吗？ 
比如这样的： https://t.co/jnwmFBU6Cy",2020-12-17 09:29
125,RT @ByronBarton10: 哈哈 谁说学生上课很枯燥了！ 快看新疆扭脖子！ https://t.co/PNYB6OuW7w,2020-12-17 09:55
126,RT @ByronBarton10: 酸奶也可以这样吃了？#新疆 https://t.co/mE8erllvR5,2020-12-17 09:55
127,"有时候，听不懂的语言有一种特别的风味...
从看饿了到听饿了需要多少时间？
#舞蹈 #新疆 #美食 https://t.co/OZxYc7ewD1",2020-12-17 10:06
128,@lh9983 挺佩服美国的，一方面不停谩骂中国，抹黑中国，另一方面看到中国强大的一面，又厚颜无耻的来要成果，他们怎么做到的。,2020-12-17 10:12
129,"我也想和一群年轻的姑娘一起玩雪，能告诉我在哪能找到这样的机会吗？😉🥰😍
#新疆",2020-12-17 10:38
130,"@l_EarEot 目测这里是 #新疆大学 校园里结了冰的 红湖
对吗？😉",2020-12-17 10:40
131,"RT @wYAI5R+eNDpVzrSo4AWUQDjqMrbf8NLC6GIXsyQnguQ=: @gaunclexx 调查显示：
五十年前月球上有风，中国机械人一登月，风就停了🤓🤓🤓",2020-12-17 10:40
132,"在 #新疆 有一种老师叫 #别人的老师 😆🥰😅
如果你也想要听这样的老师讲课，那么还是

洗洗睡吧，梦里什么都有！😉 https://t.co/yZc4XY5b5H",2020-12-17 10:56
133,"天气预报说两周内新疆会大幅降温，今年冬天将是近几年来最冷的冬天.....🥶🥶🥶
我这就去把最厚的衣服找出来
免得 #冻成狗 https://t.co/9dQsMPzySb",2020-12-17 11:07
134,"邪恶的西方媒体被迫放弃了“年终奖”😆
关于 #新疆 的谣言会就此终结吗？
显然，它们正在寻找更多的素材和资金支持🤓
The evil western media was forced to abandon the ""year-end award""
Will the #Xinjiang-rumors end?
Obviously, they r looking for more old photos and financial support🤓",2020-12-17 13:01
135,"西方邪恶媒体如何得到关于新疆的“图片资料”？
@nnnwzdcsbwqnm 给出了答案🤓",2020-12-18 03:13
136,"@dw_chinese 你们的图片是像这样购买的吗？👇
能否多花一些钱买到近期的图片呢？
很多老图片都是十几年前的了
与老龄化的德国截然不同
#中国新疆 的发展速度是全世界最快的地方之一
https://t.co/qDzaBTvcBm",2020-12-18 03:17
137,"RT @wYAI5R+eNDpVzrSo4AWUQDjqMrbf8NLC6GIXsyQnguQ=: @dw_chinese 你们的图片是像这样购买的吗？👇
能否多花一些钱买到近期的图片呢？
很多老图片都是十几年前的了
与老龄化的德国截然不同
#中国新疆 的发展速度是全世界最快的地方之一
https://t.co/qDzaBTvcBm",2020-12-18 03:18
138,和你最钟爱的他（她）一起来 禾木 #新疆😌,2020-12-18 03:29
139,@samudecay @GOGcom 😮😱😮他们用枪指着“维吾尔人”的头！ https://t.co/pL3kPCrhHR,2020-12-18 03:34
140,"@gaunclexx 与战斗民族做邻居，饮食风格会有很多相似的地方
唯数不多的不同点是：
新疆的蔬菜还是比肉便宜的",2020-12-18 04:01
141,兰州拉面新疆也有，碗很大，有机会拍到照片给你看,2020-12-18 04:04
142,"@bbcchinese 你不知道新疆有多少生产棉花用的机器？
u don't know how many machines r used for cotton production in #Xinjiang?
https://t.co/ANGuoUQ9c3",2020-12-18 04:41
143,"@LamCK15 @bbcchinese 你听说过自治区主席是谁吗？🙄😏😒
另外：新疆共有少数民族干部363169人，占全区干部的51.25%",2020-12-18 04:45
144,"动动脑子和手搜索一下？😏 #新疆官员 

艾斯海提·衣斯哈可夫(塔塔尔族,1956.8--1967.1)
阿不都拉·扎克洛夫(维吾尔族,1959.1--1964.3)
司马义·艾买提(维吾尔族,1973.6--1979.9)
孜牙(哈萨克族,1968.9--1978.2)
玉素甫·穆罕默德(维吾尔族,1983.4--1993.1) https://t.co/IlvLPDG4ue",2020-12-18 04:57
145,"新疆为什么是世界关注的焦点？
欧盟为什么要打压新疆棉花产业？
西方媒体为什么会如此关心新疆的维吾尔人？
#阿富汗 人的命也是命
#伊拉克 人的命也是命
#叙利亚 人的命也是命
#伊朗 人的命也是命
为什么中东数百万难民流离失所？ https://t.co/FPXxSidSJI",2020-12-18 05:12
146,"@bbcchinese 你们报道动物都能用上最新的视频资料
为什么报道新疆的时候，总是用十几年前的老照片呢？还删帖？🤔
https://t.co/hh88fzSYiB https://t.co/xEylPQxVWH",2020-12-18 05:19
147,"西方下流媒体总是回避 #新疆事实
https://t.co/RueLMP1QRd",2020-12-18 05:21
148,"西方邪恶媒体似乎只是在为可耻政客做“前哨”
恶意攻击抹黑中国新疆目的越来越明显
https://t.co/CjCNxq11oA https://t.co/A0yJ8v9RCY",2020-12-18 05:57
149,"怀念刘小明——一个已经被推特勒皿煮的 #新疆人
https://t.co/pzOIoMpI2p",2020-12-18 06:03
150,"RT @EarlRic23133481: 欧洲议会通过涉疆决议 中国驻欧盟使团发言人回应
The European Parliament passed a Xinjiang-related resolution, the spokesperson of the Chinese…",2020-12-18 06:12
151,"RT @Jerry_grey2002: 中国读者可能对这篇有关新疆的文章感兴趣。 因为英国广播公司（BBC）没有说实话，所以我尝试

https://t.co/YS49u53G2c",2020-12-18 07:58
152,"同感！世界应该听到 #新疆 自己的声音！
而不是那些不了解新疆的邪恶媒体的声音！",2020-12-18 09:06
153,"为避免推文被 #单条皿煮 截图转发是个不错的选择！
大美女 @FanLingXi 讲述普通中国人的故事！🥰🥰🥰 https://t.co/uYwDyQETwX",2020-12-18 09:14
154,"邪恶的西方政客正在用一切办法打压中国人的声音！
Evil Western politicians R using all means to suppress the voice of the Chinese!
https://t.co/VVaPuWsIfE",2020-12-18 09:16
155,"今天分享的 #新疆美食 是：
       伊犁回民老菜——#三下锅
喜欢吃素的朋友们福音来了！@gaunclexx
这道菜真的是菜多肉少🤓 https://t.co/NruBDxtKQ9",2020-12-18 09:59
156,"@FanLingXi 可能是因为带了抖音的角标，要是能换成没有角标的视频就好了
霉国正在打压中国新媒体平台 #抖音",2020-12-18 10:05
157,"@XinjiangLiuXM2 今天不见，想死熏弟了
来 #新疆美食 走起~！
https://t.co/kKuH3dUWXO",2020-12-18 10:08
158,"@FanLingXi 邪恶的西方政客正在极力 #打压中国新疆的声音
为新疆发声的 刘小明3千多fo的号被皿煮了😕
这是他的新号：@XinjiangLiuXM2
欢迎关注更多关于新疆的消息🙂
https://t.co/l8BTEwdLHB",2020-12-18 10:13
159,@gaunclexx 就知道嘉叔最爱新疆菜！😁,2020-12-18 10:28
160,"邪恶的西方政客正在极力 #打压中国新疆的声音
为新疆发声的 刘小明3千多fo的号被皿煮了😕
这是他的新号：@XinjiangLiuXM2
欢迎关注更多关于新疆的消息
https://t.co/Fbg2XTIaYe",2020-12-18 10:32
161,我也是爱新疆的地和人，然后才是菜。😎,2020-12-18 10:35
162,"常识：#新疆 棉花生产已实现大规模机械化 
Common sense: #Xinjiang cotton production has achieved large-scale mechanization
https://t.co/74iuyXALA4 https://t.co/GzE9AI5gCc",2020-12-18 14:59
163,"@Shineling2 视频中的 #维吾尔 姑娘被“压迫”着跳舞呢！
https://t.co/A2c8nCXcRY",2020-12-20 09:11
164,童年的快乐！谁没个童年呢！可爱的 #维吾尔族  老爷爷 https://t.co/XDuc6P5dwQ,2020-12-20 10:12
165,"为了全方位、多层次、多角度展现 #真实新疆
现试开通油管账号👇欢迎订阅：
https://t.co/3pSoFCk8XE https://t.co/MvT51VCDNg",2020-12-22 05:06
166,"关于所谓 “#新疆强迫劳动” 的真实情况在这里：
This thread tells the truth about the so-called ""forced labor in #Xinjiang"" by the western  evil-media
https://t.co/3vt14HofP0",2020-12-22 05:11
167,请回答成功抗击疫情中国人这个简单的问题：,2020-12-22 07:56
168,"RT @CNS1952: “難道我們出來務工，多掙些錢、多學些本領，用自己的雙手改變生活，還需要別人強迫嗎？”來自中國新疆、在一家服裝企業務工的希艾力•麥麥提敏21日說。已成為業務骨幹的他，每月收入比同事多出1000元。

2014年至2019年，新疆勞動就業總人數從1135.…",2020-12-22 08:28
169,@VoiceofPD 西方说新疆农民摘棉花是forced labor，可笑，每年那么多农民工坐专车来新疆摘棉花，就指望赚一把呢。那我倒要问问了，你们当年给种棉花的黑奴发工资嘛，别装作不知道，这过去才多久,2020-12-22 08:30
170,"#新疆伊犁 霍城县品珍特色小吃
虽然很好吃，但是遇到了漂亮 #小姐姐后
就会这样想：
“其实吃什么无所谓，关键是和谁一起吃”😋 https://t.co/Cq6VjYSLuP",2020-12-22 08:40
171,"西方媒体炒作 #新疆 维吾尔人 遭受文化清洗，#维吾尔语  受到打压，我看不是这样吧。
Uyghur ""cultural genocide"" by some western media is groundless. The girl speaks exactly #Uyghur language",2020-12-24 11:53
172,"RT @Whitfie54169831: 我怎么看着这个小姐姐的脖子也像P上去的呢。。。讲真，新疆纯纯的维吾尔族小姐姐真漂亮。
She is beautiful, isn't she? https://t.co/BXFKVvdGOb",2020-12-25 03:50
173,RT @CAOYI170610: 澳大利亚战略政策研究所“报告”中所称的“拘留中心”（坐标：38.9950N，77.6682E），实际上是新疆喀什地区麦盖提县央塔克乡小学。 https://t.co/A3kx1bD59l,2020-12-26 03:04
174,"RT @AndrePa95172130: 😂🤣😂🤣
这个没脑子的家伙居然以为中文版的“新年快乐”是中国的国歌？国际笑话制造者？
This brainless guy actually thinks that the Chinese version of ""Happy New Y…",2020-12-28 03:25
175,"乌鲁木齐麦当劳开业了，人山人海
美国人拒绝华为，但是中国人不会拒绝麦当劳 https://t.co/9aXBtZDxmG",2020-12-28 03:47
176,加油！新疆人支持你们！🥰,2020-12-28 03:51
177,坐标：#新疆 乌鲁木齐北郊 乌五公路铁路道口，货运繁忙，手机掏慢了，只拍到了火车尾巴😅 https://t.co/yi5MNhTX5C,2020-12-28 04:44
178,"RT @wYAI5R+eNDpVzrSo4AWUQDjqMrbf8NLC6GIXsyQnguQ=: @AndrePa95172130 邪恶的西方媒体只会通过卫星地图了解中国！
新疆一所小学被当做“#集中营”在大肆宣传
https://t.co/i3RajK3kE7",2020-12-28 04:54
179,"@AndrePa95172130 邪恶的西方媒体只会通过卫星地图了解中国！
新疆一所小学被当做“#集中营”在大肆宣传
https://t.co/i3RajK3kE7",2020-12-28 04:54
180,"@VOAChinese 那么问题来了，土方是如何确定这些“维吾尔人”
的真实身份呢？
看他们的中国身份证？
还是看他们长得像不像？
或是来者不拒？",2021-01-01 03:20
181,"RT @wYAI5R+eNDpVzrSo4AWUQDjqMrbf8NLC6GIXsyQnguQ=: @VOAChinese 那么问题来了，土方是如何确定这些“维吾尔人”
的真实身份呢？
看他们的中国身份证？
还是看他们长得像不像？
或是来者不拒？",2021-01-01 03:21
182,"RT @NightRavenDuya: 🚫 没有一个BuzzFeed报道中提到的长方形建筑可以被证明是“种族灭绝”的集中營。
事实上，宗教匯集的中国有3.9萬座清真寺(新疆有2.5萬座)，而美国只有2000座清真寺。
如果美国人真的想知道什么是真正的种族灭绝，什么是真正的集中营…",2021-01-01 03:24
183,"#StopXinjiangrumors！
这位“玉石专家”通过在线视频聊天鉴定玉石，这太不负责任了！
西方邪恶媒体也通过互联网和卫星图像了解新疆，这同样是不负责任的！ https://t.co/BcQDZ0k4Ib",2021-01-01 03:45
184,"中国武术，从娃娃抓起😎
Chinese KongFu, starting from dolls https://t.co/owmWYySJs7",2021-01-04 05:40
185,中国产品好不好，用过才知道😁,2021-01-04 05:54
186,@Ohc4O9SmZw1vx3h 😅新疆的年轻人喜欢这样的 https://t.co/fJZOwZzNTE,2021-01-04 09:22
187,高手不问年龄，#新疆  #哈萨克族 老奶奶依然是一个拉拉条子的高手。 https://t.co/V36YZzR2Cq,2021-01-04 09:45
188,"@chenglu92482354 @AndrePa95172130 这是新疆的维吾尔族，听他说普通话咋说的。
https://t.co/P79PUD0u6I",2021-01-05 09:58
189,"新疆禁止 #维吾尔人 带花帽？ 看第一幅图，并没有！
新疆禁止维吾尔人 讲 #维吾尔语？看第四幅图，也并没有！",2021-01-05 10:04
190,RT @CNS1952: 新疆大學官網日前刊載《人權保障語境下美國干涉新疆事務的探析——以新疆人口為視角的調查研究報告》，通過對新疆人口狀況進行的事實梳理，揭穿德反華學者鄭國恩抹黑新疆人口狀況五大謊言。新疆人口自然增長率急劇下降？所有少數民族縣的人口淨增長率為-0.25‰？來看…,2021-01-07 03:50
191,RT @xiwzwb: 4日，新疆大学官网发布《人权保障语境下美国干涉新疆事务的探析——以新疆人口为视角的调查研究报告》。报告通过数据针对郑国恩所谓“研究结果”中的五方面进行驳斥。https://t.co/8cWLIksAnI https://t.co/xPo1BqQV1N,2021-01-07 05:06
192,最新报告揭穿德国学者郑国恩抹黑新疆人口状况的五大谎言   https://t.co/Xrb5eU7OdM,2021-01-08 12:41
193,最新报告揭穿德国学者郑国恩抹黑新疆人口状况的五大谎言   https://t.co/IpVPPj6tIj,2021-01-08 13:12
194,最新报告揭穿德国学者郑国恩抹黑新疆人口状况的五大谎言   https://t.co/YkQR6wIj12,2021-01-09 00:16
195,最新报告揭穿德国学者郑国恩抹黑新疆人口状况的五大谎言   https://t.co/rigxRyxkYZ,2021-01-09 01:08
196,最新报告揭穿德国学者郑国恩抹黑新疆人口状况的五大谎言   https://t.co/I8gQiOm1ao,2021-01-09 01:18
197,最新报告揭穿德国学者郑国恩抹黑新疆人口状况的五大谎言   https://t.co/Y4aEyR1JHa,2021-01-09 01:18
198,最新报告揭穿德国学者郑国恩抹黑新疆人口状况的五大谎言   https://t.co/WR3CkPWwgK,2021-01-09 01:20
199,@FanLingXi 下次带点新疆的 艾德莱斯 裙子 试试看,2021-01-10 04:06
200,"@caichu88 @chehongnian 同理：
我在新疆感冒了，请你关心我一下谢谢！",2021-01-10 04:43
201,"#维吾尔族人 在重庆
Xinjiang Uyghurs in Chongqing
#XinjiangOnline",2021-01-10 04:55
202,#Xinjiang #新疆 #维吾尔族 女性工作者：工作使我们荣耀，奋斗使我们快乐,2021-01-11 10:07
203,"RT @AndrePa95172130: 外国人眼中的“新疆维吾尔人”：
👇""Xinjiang Uyghurs"" in the eyes of foreigners
                                   真正的新疆维吾尔族人：…",2021-01-11 11:10
204,##XinjiangOnline # 新疆宗教人士回应印尼记者：开展正常宗教活动没有受到任何限制https://t.co/0ibtw2PL1s,2021-01-12 05:31
205,##Xinjiang  ##XinjiangOnline # 所谓有人遭受“拘押”“迫害”？三段视频揭露抹黑新疆谣言https://t.co/W00LUNJuf1,2021-01-12 05:40
206,"所谓有人遭受“拘押”“迫害”？三段视频揭露抹黑新疆谣言
@UHRP_Chinese @0715Rita @Erkin_Azat @zunzhongtuanjie @intymedia 
https://t.co/ZjLZrjdFco https://t.co/mRm5XRMwnO",2021-01-12 06:00
207,"中国驳斥外界对新疆存在强迫劳动质疑
@RianThum @AbduwelA @adrianzenz @Mehmetjan5 @AidUyghur @nuryturkel
https://t.co/cQRrgrxUr8",2021-01-12 06:24
208,新华社记者带你“打卡”新疆自然博物馆。,2021-01-12 06:25
209,新疆维吾尔自治区新闻办公室发言人祖力亚提·司马义昨天在发布会上说，新疆境内各族群众与国外亲属的通信联系是自由的、正常的。（中新社）@jenniferatntd@ErkinSidick@PeterTatchell@HKokbore@Uyghurspeaker@uyghurproject@UyghurCongress@UyghurBulletin@RushanAbbas https://t.co/gtSc98LuAM,2021-01-12 06:37
210,##Xinjiang  ##XinjiangOnline # 所谓有人遭受“拘押”“迫害”？三段视频揭露抹黑新疆谣言https://t.co/mG7xb51H6k,2021-01-12 06:38
211,新疆伊斯蘭教協會副秘書長作出回應。https://t.co/DLP73NEeNn https://t.co/zpmcsLvTS4,2021-01-12 06:45
212,新疆维吾尔自治区新闻办公室发言人祖力亚提·司马义昨天在发布会上说，新疆境内各族群众与国外亲属的通信联系是自由的、正常的。（中新社）@jenniferatntd@ErkinSidick@PeterTatchell@HKokbore@Uyghurspeaker@uyghurproject@UyghurCongress@UyghurBulletin@RushanAbbas https://t.co/rooibBPmJp,2021-01-12 06:47
213,"所谓有人遭受“拘押”“迫害”？三段视频揭露抹黑新疆谣言
@UHRP_Chinese @0715Rita @Erkin_Azat @zunzhongtuanjie @intymedia 
https://t.co/8H0RJevb90 https://t.co/O2Tz68Py2w",2021-01-12 06:59
214,"中国驳斥外界对新疆存在强迫劳动质疑
@RianThum @AbduwelA @adrianzenz @Mehmetjan5 @AidUyghur @nuryturkel
https://t.co/IcNg6XT8mi",2021-01-12 07:26
215,"RT @XinhuaChinese: vlog：新华社记者带你“打卡”新疆自然博物馆。
  
在乌鲁木齐市，有一座开馆不久、满满知识点的“年轻”博物馆，这是一座国内为数不多、具有完整内陆荒漠干旱区特色展示的科普场馆。今天，新华社记者带你“打卡”新疆自然博物馆，解锁探索新疆的新方…",2021-01-12 08:01
216,##Xinjiang  ##XinjiangOnline # 所谓有人遭受“拘押”“迫害”？三段视频揭露抹黑新疆谣言https://t.co/e6c8Ka36N4,2021-01-12 08:24
217,##Xinjiang  ##XinjiangOnline # 所谓有人遭受“拘押”“迫害”？三段视频揭露抹黑新疆谣言https://t.co/4ilhGPUOW1,2021-01-12 08:25
218,##Xinjiang  ##XinjiangOnline # 所谓有人遭受“拘押”“迫害”？三段视频揭露抹黑新疆谣言https://t.co/Y09AJJO9qd,2021-01-12 08:26
219,##Xinjiang  ##XinjiangOnline # 所谓有人遭受“拘押”“迫害”？三段视频揭露抹黑新疆谣言https://t.co/T4dUWX3WzW,2021-01-12 08:27
220,"所谓有人遭受“拘押”“迫害”？三段视频揭露抹黑新疆谣言
@UHRP_Chinese @0715Rita @Erkin_Azat @zunzhongtuanjie @intymedia 
https://t.co/JlAm011sVV https://t.co/5f5CStVezh",2021-01-12 09:09
221,@CNS1952 让抹黑 #新疆 的西方媒体哭去吧,2021-01-12 09:28
222,"中国驳斥外界对新疆存在强迫劳动质疑
@RianThum @AbduwelA @adrianzenz @Mehmetjan5 @AidUyghur @nuryturkel
https://t.co/dwqo7srWmz",2021-01-12 09:33
223,新疆伊斯蘭教協會副秘書長作出回應。https://t.co/Ngoeni5lDC https://t.co/ic38BiJISL,2021-01-12 09:40
224,##Xinjiang  ##XinjiangOnline # 所谓有人遭受“拘押”“迫害”？三段视频揭露抹黑新疆谣言https://t.co/QNTCvUEgVU,2021-01-12 09:42
225,新疆伊斯蘭教協會副秘書長作出回應。https://t.co/ZpvnrYeEcI https://t.co/AoRdQMMbsH,2021-01-12 10:04
226,RT @CNS1952: 【新疆宗教人士回應印尼記者：開展正常宗教活動沒有受到任何限制】11日在北京舉行的新疆維吾爾自治區涉疆問題新聞發布會上，有印尼媒體記者向新疆宗教人士詢問：開展宗教活動是否受限？伊斯蘭教學校有多少？穆斯林學生可以出國留學嗎？…… 新疆伊斯蘭教協會副秘書長作…,2021-01-12 11:11
227,新疆维吾尔自治区新闻办公室发言人祖力亚提·司马义昨天在发布会上说，新疆境内各族群众与国外亲属的通信联系是自由的、正常的。（中新社）@jenniferatntd@ErkinSidick@PeterTatchell@HKokbore@Uyghurspeaker@uyghurproject@UyghurCongress@UyghurBulletin@RushanAbbas https://t.co/tFtiXag4rB,2021-01-12 11:23
228,#Xinjiang-related Issues # 新疆维吾尔自治区新闻办公室发言人祖力亚提·司马义昨天在发布会上说，新疆境内各族群众与国外亲属的通信联系是自由的、正常的。 https://t.co/Y7UAtWH3iN,2021-01-12 11:25
229,#Xinjiang-related Issues # 新疆维吾尔自治区新闻办公室发言人祖力亚提·司马义昨天在发布会上说，新疆境内各族群众与国外亲属的通信联系是自由的、正常的。 https://t.co/IQPKf5RqNY,2021-01-12 11:39
230,“打卡”#新疆 #Xinjiang 自然博物馆。,2021-01-12 12:11
231,新疆维吾尔自治区新闻办公室发言人祖力亚提·司马义昨天在发布会上说，新疆境内各族群众与国外亲属的通信联系是自由的、正常的。（中新社）@jenniferatntd@ErkinSidick@PeterTatchell@HKokbore@Uyghurspeaker@uyghurproject@UyghurCongress@UyghurBulletin@RushanAbbas https://t.co/spZRdZGKX6,2021-01-12 12:21
232,新疆维吾尔自治区新闻办公室发言人祖力亚提·司马义昨天在发布会上说，新疆境内各族群众与国外亲属的通信联系是自由的、正常的。（中新社）@jenniferatntd@ErkinSidick@PeterTatchell@HKokbore@Uyghurspeaker@uyghurproject@UyghurCongress@UyghurBulletin@RushanAbbas https://t.co/Dhcj9eYiwA,2021-01-12 13:25
233,新疆维吾尔自治区新闻办公室发言人祖力亚提·司马义昨天在发布会上说，新疆境内各族群众与国外亲属的通信联系是自由的、正常的。（中新社）@jenniferatntd@ErkinSidick@PeterTatchell@HKokbore@Uyghurspeaker@uyghurproject@UyghurCongress@UyghurBulletin@RushanAbbas https://t.co/ZT4bDRvTp3,2021-01-12 13:25
234,新疆维吾尔自治区新闻办公室发言人祖力亚提·司马义昨天在发布会上说，新疆境内各族群众与国外亲属的通信联系是自由的、正常的。（中新社）@jenniferatntd@ErkinSidick@PeterTatchell@HKokbore@Uyghurspeaker@uyghurproject@UyghurCongress@UyghurBulletin@RushanAbbas https://t.co/BWoYozJJgg,2021-01-12 13:26
235,新疆维吾尔自治区新闻办公室发言人祖力亚提·司马义昨天在发布会上说，新疆境内各族群众与国外亲属的通信联系是自由的、正常的。（中新社）@jenniferatntd@ErkinSidick@PeterTatchell@HKokbore@Uyghurspeaker@uyghurproject@UyghurCongress@UyghurBulletin@RushanAbbas https://t.co/YOBo9OZJD6,2021-01-12 13:31
236,新疆维吾尔自治区新闻办公室发言人祖力亚提·司马义昨天在发布会上说，新疆境内各族群众与国外亲属的通信联系是自由的、正常的。（中新社）@jenniferatntd@ErkinSidick@PeterTatchell@HKokbore@Uyghurspeaker@uyghurproject@UyghurCongress@UyghurBulletin@RushanAbbas https://t.co/wdaNQta4Sb,2021-01-12 13:32
237,新疆维吾尔自治区新闻办公室发言人祖力亚提·司马义昨天在发布会上说，新疆境内各族群众与国外亲属的通信联系是自由的、正常的。（中新社）@jenniferatntd@ErkinSidick@PeterTatchell@HKokbore@Uyghurspeaker@uyghurproject@UyghurCongress@UyghurBulletin@RushanAbbas https://t.co/rZRk3spCwl,2021-01-12 13:33
238,##XinjiangOnline # 新疆宗教人士回应印尼记者：开展正常宗教活动没有受到任何限制https://t.co/zqVl8cpf0P,2021-01-12 13:52
239,##XinjiangOnline # 新疆宗教人士回应印尼记者：开展正常宗教活动没有受到任何限制https://t.co/FFCeyQNJTg,2021-01-12 13:53
240,##XinjiangOnline # 新疆宗教人士回应印尼记者：开展正常宗教活动没有受到任何限制https://t.co/iDTPgy1KuR,2021-01-12 13:53
241,##XinjiangOnline # 新疆宗教人士回应印尼记者：开展正常宗教活动没有受到任何限制https://t.co/dwCLWRt3PX,2021-01-12 13:54
242,##XinjiangOnline # 新疆宗教人士回应印尼记者：开展正常宗教活动没有受到任何限制https://t.co/hD0ZdAONik,2021-01-12 13:56
243,##XinjiangOnline # @SamiraImin 新疆宗教人士回应印尼记者：开展正常宗教活动没有受到任何限制 https://t.co/0ibtw2ya9U,2021-01-12 14:41
244,"所谓有人遭受“拘押”“迫害”？三段视频揭露抹黑新疆谣言
@UHRP_Chinese @0715Rita @Erkin_Azat @zunzhongtuanjie @intymedia 
https://t.co/dgxaGUjxVG https://t.co/Hu5GBEqaym",2021-01-12 14:43
245,"所谓有人遭受“拘押”“迫害”？三段视频揭露抹黑新疆谣言
@UHRP_Chinese @0715Rita @Erkin_Azat @zunzhongtuanjie @intymedia 
https://t.co/NZGiXju48t https://t.co/novaT5a3FW",2021-01-12 14:52
246,"中国驳斥外界对新疆存在强迫劳动质疑
@RianThum @AbduwelA @adrianzenz @Mehmetjan5 @AidUyghur @nuryturkel
https://t.co/E2AvGdRgSZ https://t.co/N3rEbMwNoV",2021-01-12 14:58
247,"中国驳斥外界对新疆存在强迫劳动质疑
@RianThum @AbduwelA @adrianzenz @Mehmetjan5 @AidUyghur @nuryturkel
https://t.co/hSmxP1Fxvz https://t.co/HdwyAF91ui",2021-01-12 15:06
248,#Xinjiang-related Issues # 中国驳斥外界对新疆存在强迫劳动质疑 分析：拟避免成为拜登上台后中美新热点 https://t.co/aB1pJHOLZD,2021-01-12 15:49
249,##XinjiangOnline # @SamiraImin 新疆宗教人士回应印尼记者：开展正常宗教活动没有受到任何限制 https://t.co/hD0ZdAxcqM,2021-01-12 15:57
250,##XinjiangOnline # @SamiraImin 新疆宗教人士回应印尼记者：开展正常宗教活动没有受到任何限制 https://t.co/zqVl8cpf0P,2021-01-12 17:02
251,RT @CNS1952: 一些在海外的維吾爾族人稱“在新疆的家屬被當局控制並失聯”。對此，新疆維吾爾自治區人民政府新聞辦公室發言人祖力亞提·司馬義11日表示，疆內各族群眾與國外親屬的通信聯繫是自由的、正常的。https://t.co/u1KKwZqBBo https://t.c…,2021-01-12 20:21
252,#Xinjiang-related Issues # 中国驳斥外界对新疆存在强迫劳动质疑 分析：拟避免成为拜登上台后中美新热点 https://t.co/I7Y4S7aL4J,2021-01-12 21:46
253,RT @CNS1952: 【所謂有人遭受“拘押”“迫害”？三段視頻揭露抹黑新疆謠言】當一些身在海外的維吾爾族人試圖講述所謂“親友失聯”或證明自己遭受過“拘押”“迫害”時，於11日公開的三段實地走訪視頻，使這些謠言不攻自破。真相如何？來看：#擺事實 https://t.co/0u…,2021-01-12 23:22
254,##XinjiangOnline # @SamiraImin 新疆宗教人士回应印尼记者：开展正常宗教活动没有受到任何限制 https://t.co/iDTPgy1KuR,2021-01-13 00:02
255,##XinjiangOnline # @SamiraImin 新疆宗教人士回应印尼记者：开展正常宗教活动没有受到任何限制 https://t.co/hD0ZdAONik,2021-01-13 00:04
256,##XinjiangOnline # @SamiraImin 新疆宗教人士回应印尼记者：开展正常宗教活动没有受到任何限制 https://t.co/0ibtw2PL1s,2021-01-13 00:05
257,##Xinjiang  ##XinjiangOnline 加拿大全球事务部发表声明，对新疆人权状况妄加指责，诬称新疆存在“强迫劳动”、“大规模任意拘押”等。https://t.co/b9RAq6u770,2021-01-13 03:39
258,##Xinjiang  ##XinjiangOnline 加拿大全球事务部发表声明，对新疆人权状况妄加指责，诬称新疆存在“强迫劳动”、“大规模任意拘押”等。https://t.co/GkwNV229dn,2021-01-13 03:48
259,##Xinjiang  ##XinjiangOnline #Xinjiang-related Issues ##StopXinjiangRumors #Xinjiang 新疆根本不存在所谓“强迫劳动”。新疆籍少数民族务工人员作为中国广大劳动者的一部分，各项权益都受到法律保护，都有选择职业的自由，去什么地方、干什么工作都是出于自己的意愿，人身自由从未受到任何限制。,2021-01-13 03:49
260,##Xinjiang  ##XinjiangOnline 加拿大全球事务部发表声明，对新疆人权状况妄加指责，诬称新疆存在“强迫劳动”、“大规模任意拘押”等。https://t.co/zSxSyWADG7,2021-01-13 04:14
261,##Xinjiang  ##XinjiangOnline 加拿大全球事务部发表声明，对新疆人权状况妄加指责，诬称新疆存在“强迫劳动”、“大规模任意拘押”等。https://t.co/AuVfSnFTRp,2021-01-13 04:48
262,##Xinjiang  ##XinjiangOnline 加拿大全球事务部发表声明，对新疆人权状况妄加指责，诬称新疆存在“强迫劳动”、“大规模任意拘押”等。https://t.co/JTWNJBdY1g,2021-01-13 05:10
263,##Xinjiang  ##XinjiangOnline 加拿大全球事务部发表声明，对新疆人权状况妄加指责，诬称新疆存在“强迫劳动”、“大规模任意拘押”等。https://t.co/YEmMcpRS1j,2021-01-13 05:11
264,##Xinjiang  ##XinjiangOnline 加拿大全球事务部发表声明，对新疆人权状况妄加指责，诬称新疆存在“强迫劳动”、“大规模任意拘押”等。https://t.co/xuaAgCXXUU,2021-01-13 05:35
265,RT @25o23lDtW2cxPDCb8WWjS7maALP1ZC65qMt+MYLAUXc=: ##Xinjiang  ##XinjiangOnline #Xinjiang-related Issues ##StopXinjiangRumors #Xinjiang 新疆根本不存在所谓“强迫劳动”。新疆籍少数民族务工人员作为中国广大劳…,2021-01-13 05:41
266,"驻加拿大使馆发言人严厉谴责加方涉疆错误行径#新疆  @AbdugheniSabit @AHomelessMan112 @MihribanMemet @USA_China_Talk
https://t.co/bD8k3EJOYC https://t.co/SY4MT3m50L",2021-01-13 05:58
267,"驻加拿大使馆发言人严厉谴责加方涉疆错误行径#新疆  @AbdugheniSabit @AHomelessMan112 @MihribanMemet @USA_China_Talk
https://t.co/Onss03mZam https://t.co/ESpZJNgYcC",2021-01-13 05:58
268,"驻加拿大使馆发言人严厉谴责加方涉疆错误行径#新疆  @AbdugheniSabit @AHomelessMan112 @MihribanMemet @USA_China_Talk
https://t.co/C8TFlebfLK https://t.co/TimliSZva9",2021-01-13 06:00
269,"驻加拿大使馆发言人严厉谴责加方涉疆错误行径#新疆  @AbdugheniSabit @AHomelessMan112 @MihribanMemet @USA_China_Talk
https://t.co/EH4MEb6XA9 https://t.co/eqKymjzbxJ",2021-01-13 06:00
270,新疆根本不存在所谓“强迫劳动”。https://t.co/WoIAEYzUBi,2021-01-13 07:14
271,##XinjiangOnline ##Xinjiang  请有关国家停止制造谎言，停止在反恐问题上搞“双重标准”，停止干涉中国内政。,2021-01-13 08:10
272,"驻加拿大使馆发言人严厉谴责加方涉疆错误行径#新疆  @AbdugheniSabit @AHomelessMan112 @MihribanMemet @USA_China_Talk
https://t.co/V9TmxYPIbo https://t.co/me6szo90pR",2021-01-13 09:57
273,"驻加拿大使馆发言人严厉谴责加方涉疆错误行径#新疆  @AbdugheniSabit @AHomelessMan112 @MihribanMemet @USA_China_Talk
https://t.co/t84T4nnmzj https://t.co/zBWuUc6hSt",2021-01-13 10:01
274,新疆根本不存在所谓“强迫劳动”。https://t.co/rwcMx6l8Cv,2021-01-13 10:10
275,"驻加拿大使馆发言人严厉谴责加方涉疆错误行径#新疆  @AbdugheniSabit @AHomelessMan112 @MihribanMemet @USA_China_Talk
https://t.co/C4cLqDzeHX https://t.co/WgdpvyZqDn",2021-01-13 10:49
276,"我给你们佛 #新疆 美,你们咋老问我新疆乱不乱？#Xinjiang #Xinjiangonline 好好看一哈，美丽的赛里木湖！ https://t.co/oOibXBws2g",2021-01-14 05:07
277,😎#新疆 还有撒？你看这个大土豆、大鸡块香不香？不说了我先去吃中午饭了。😎❤️#Xinjiang #Xinjiangonline #Uyghur https://t.co/C5tRjT1nhg,2021-01-14 05:24
278,"专家：加拿大英国借抵制新疆产品表达对华脱钩，有政治作秀之嫌 @USA_China_Talk @adrianzenz
https://t.co/92cFWdQXbS https://t.co/RxirHhnx2V",2021-01-14 07:45
279,专家：加拿大英国借抵制 #新疆 产品表达对华脱钩，有政治作秀之嫌 https://t.co/9GmgYmJKFD,2021-01-14 08:33
280,专家：加拿大英国借抵制 #新疆 产品表达对华脱钩，有政治作秀之嫌 https://t.co/ZcneOquNHj,2021-01-14 09:07
281,##XinjiangOnline 专家：加拿大英国借抵制新疆产品表达对华脱钩，有政治作秀之嫌 https://t.co/G23eYRC9uZ,2021-01-14 09:32
282,"RT @Whitfie54169831: #发现新疆读书笔记 赛里木湖，是新疆海拔最高、面积最大、风光秀丽的高山湖泊，又是大西洋暖湿气流最后眷顾的地方。
Sailimu Lake is a lake with the highest elevation, the largest…",2021-01-14 09:46
283,RT @Martha79868135: 还是我们维吾尔族服饰好看，你觉得呢？ https://t.co/6BiKodVF4y,2021-01-14 10:00
284,##XinjiangOnline 专家：加拿大英国借抵制新疆产品表达对华脱钩，有政治作秀之嫌 https://t.co/lJo29GsVuZ,2021-01-14 10:08
285,专家：加拿大英国借抵制 #新疆 产品表达对华脱钩，有政治作秀之嫌 https://t.co/dIo7FIWX3m,2021-01-14 10:10
286,##XinjiangOnline 专家：加拿大英国借抵制新疆产品表达对华脱钩，有政治作秀之嫌 https://t.co/f0DYtdscGR,2021-01-14 10:20
287,专家：加拿大英国借抵制 #新疆 产品表达对华脱钩，有政治作秀之嫌 https://t.co/ftbZyXE1d3,2021-01-14 10:56
288,专家：加拿大英国借抵制 #新疆 产品表达对华脱钩，有政治作秀之嫌 https://t.co/yvenuAW3I3,2021-01-14 10:57
289,##XinjiangOnline 专家：加拿大英国借抵制新疆产品表达对华脱钩，有政治作秀之嫌 https://t.co/M7onABtG2Z,2021-01-14 11:31
290,专家：加拿大英国借抵制 #新疆 产品表达对华脱钩，有政治作秀之嫌 https://t.co/P1luKvMxZS,2021-01-14 11:43
291,专家：加拿大英国借抵制 #新疆 产品表达对华脱钩，有政治作秀之嫌 https://t.co/1FjJsKH8fT,2021-01-14 11:45
292,##XinjiangOnline 专家：加拿大英国借抵制新疆产品表达对华脱钩，有政治作秀之嫌 https://t.co/pp7gc9k4hi,2021-01-14 11:55
293,##XinjiangOnline 专家：加拿大英国借抵制新疆产品表达对华脱钩，有政治作秀之嫌 https://t.co/xVP14aHfk7,2021-01-14 11:57
294,##XinjiangOnline 专家：加拿大英国借抵制新疆产品表达对华脱钩，有政治作秀之嫌 https://t.co/CmjA1bPiCT,2021-01-14 12:11
295,##XinjiangOnline 专家：加拿大英国借抵制新疆产品表达对华脱钩，有政治作秀之嫌 https://t.co/5b82728yWb,2021-01-14 12:13
296,##XinjiangOnline 专家：加拿大英国借抵制新疆产品表达对华脱钩，有政治作秀之嫌 https://t.co/NDZcuxdOKq,2021-01-14 12:15
297,"RT @AndrePa95172130: 新疆传统民族服饰，你能认出它们属于哪个民族吗？
你觉得哪个更好看？
Xinjiang traditional ethnic costumes, can you recognize which ethnic group they belo…",2021-01-14 12:28
298,##XinjiangOnline 专家：加拿大英国借抵制新疆产品表达对华脱钩，有政治作秀之嫌 https://t.co/9GmgYmJKFD,2021-01-14 12:34
299,##XinjiangOnline 专家：加拿大英国借抵制新疆产品表达对华脱钩，有政治作秀之嫌 https://t.co/ftY1SSxesA,2021-01-14 12:38
300,专家：加拿大英国借抵制 #新疆 产品表达对华脱钩，有政治作秀之嫌 https://t.co/pp7gc9k4hi,2021-01-14 12:42
301,专家：加拿大英国借抵制 #新疆 产品表达对华脱钩，有政治作秀之嫌 https://t.co/SIdE4sbkEy,2021-01-14 12:50
302,##XinjiangOnline 专家：加拿大英国借抵制新疆产品表达对华脱钩，有政治作秀之嫌 https://t.co/evPP68eSoU,2021-01-14 12:53
303,##XinjiangOnline 专家：加拿大英国借抵制新疆产品表达对华脱钩，有政治作秀之嫌 https://t.co/y582zsbOsB,2021-01-14 12:56
304,##XinjiangOnline 专家：加拿大英国借抵制新疆产品表达对华脱钩，有政治作秀之嫌 https://t.co/y582zstpk9,2021-01-14 12:58
305,##XinjiangOnline 专家：加拿大英国借抵制新疆产品表达对华脱钩，有政治作秀之嫌 https://t.co/H0W0SrCIpV,2021-01-14 13:00
306,专家：加拿大英国借抵制 #新疆 产品表达对华脱钩，有政治作秀之嫌 https://t.co/Hi0rxjUmaM,2021-01-14 13:02
307,##XinjiangOnline 专家：加拿大英国借抵制新疆产品表达对华脱钩，有政治作秀之嫌 https://t.co/Hi0rxjUmaM,2021-01-14 13:04
308,##XinjiangOnline 专家：加拿大英国借抵制新疆产品表达对华脱钩，有政治作秀之嫌 https://t.co/ZcneOquNHj,2021-01-14 13:04
309,##XinjiangOnline 专家：加拿大英国借抵制新疆产品表达对华脱钩，有政治作秀之嫌 https://t.co/pOzTIiTcHh,2021-01-14 13:07
310,专家：加拿大英国借抵制 #新疆 产品表达对华脱钩，有政治作秀之嫌 https://t.co/M7onABtG2Z,2021-01-14 13:09
311,##XinjiangOnline 专家：加拿大英国借抵制新疆产品表达对华脱钩，有政治作秀之嫌 https://t.co/i9qCB7eWzS,2021-01-14 13:12
312,专家：加拿大英国借抵制 #新疆 产品表达对华脱钩，有政治作秀之嫌 https://t.co/kZ37qYRfPN,2021-01-14 13:14
313,##XinjiangOnline 专家：加拿大英国借抵制新疆产品表达对华脱钩，有政治作秀之嫌 https://t.co/kZ37qYRfPN,2021-01-14 13:16
314,专家：加拿大英国借抵制 #新疆 产品表达对华脱钩，有政治作秀之嫌 https://t.co/4cwzLFug6b,2021-01-14 13:16
315,专家：加拿大英国借抵制 #新疆 产品表达对华脱钩，有政治作秀之嫌 https://t.co/iVuiqN0jgm,2021-01-14 13:17
316,##XinjiangOnline 专家：加拿大英国借抵制新疆产品表达对华脱钩，有政治作秀之嫌 https://t.co/4cwzLFug6b,2021-01-14 13:17
317,##XinjiangOnline 专家：加拿大英国借抵制新疆产品表达对华脱钩，有政治作秀之嫌 https://t.co/iVuiqN0jgm,2021-01-14 13:19
318,专家：加拿大英国借抵制 #新疆 产品表达对华脱钩，有政治作秀之嫌 https://t.co/tKF6atrd9n,2021-01-14 13:19
319,##XinjiangOnline 专家：加拿大英国借抵制新疆产品表达对华脱钩，有政治作秀之嫌 https://t.co/tKF6atrd9n,2021-01-14 13:20
320,专家：加拿大英国借抵制 #新疆 产品表达对华脱钩，有政治作秀之嫌 https://t.co/myNSG2O1FH,2021-01-14 13:21
321,##XinjiangOnline 专家：加拿大英国借抵制新疆产品表达对华脱钩，有政治作秀之嫌 https://t.co/myNSG2O1FH,2021-01-14 13:23
322,专家：加拿大英国借抵制 #新疆 产品表达对华脱钩，有政治作秀之嫌 https://t.co/bA0ljvnaAm,2021-01-14 13:29
323,##XinjiangOnline 专家：加拿大英国借抵制新疆产品表达对华脱钩，有政治作秀之嫌 https://t.co/bA0ljvnaAm,2021-01-14 13:31
324,专家：加拿大英国借抵制 #新疆 产品表达对华脱钩，有政治作秀之嫌 https://t.co/K9DHOxn8x5,2021-01-14 13:37
325,##XinjiangOnline 专家：加拿大英国借抵制新疆产品表达对华脱钩，有政治作秀之嫌 https://t.co/K9DHOxn8x5,2021-01-14 13:38
326,专家：加拿大英国借抵制 #新疆 产品表达对华脱钩，有政治作秀之嫌 https://t.co/KtPGGDF6y1,2021-01-14 13:39
327,专家：加拿大英国借抵制 #新疆 产品表达对华脱钩，有政治作秀之嫌 https://t.co/SlAE7xJIZo,2021-01-14 13:39
328,专家：加拿大英国借抵制 #新疆 产品表达对华脱钩，有政治作秀之嫌 https://t.co/G23eYRC9uZ,2021-01-14 13:40
329,##XinjiangOnline 专家：加拿大英国借抵制新疆产品表达对华脱钩，有政治作秀之嫌 https://t.co/SlAE7xJIZo,2021-01-14 13:41
330,专家：加拿大英国借抵制 #新疆 产品表达对华脱钩，有政治作秀之嫌 https://t.co/5lzhrrPmQ7,2021-01-14 13:48
331,##XinjiangOnline 专家：加拿大英国借抵制新疆产品表达对华脱钩，有政治作秀之嫌 https://t.co/5lzhrrPmQ7,2021-01-14 13:49
332,##XinjiangOnline 专家：加拿大英国借抵制新疆产品表达对华脱钩，有政治作秀之嫌 https://t.co/jLyvVM1qGf,2021-01-14 13:51
333,专家：加拿大英国借抵制 #新疆 产品表达对华脱钩，有政治作秀之嫌 https://t.co/5b82728yWb,2021-01-14 13:58
334,##XinjiangOnline 专家：加拿大英国借抵制新疆产品表达对华脱钩，有政治作秀之嫌 https://t.co/rj4AvBgXOQ,2021-01-14 14:30
335,专家：加拿大英国借抵制 #新疆 产品表达对华脱钩，有政治作秀之嫌 https://t.co/y39VaJ1b1O,2021-01-14 14:40
336,##XinjiangOnline 专家：加拿大英国借抵制新疆产品表达对华脱钩，有政治作秀之嫌 https://t.co/y39VaJ1b1O,2021-01-14 14:42
337,专家：加拿大英国借抵制 #新疆 产品表达对华脱钩，有政治作秀之嫌 https://t.co/tOKRQdFWyP,2021-01-14 14:54
338,##XinjiangOnline 专家：加拿大英国借抵制新疆产品表达对华脱钩，有政治作秀之嫌 https://t.co/tOKRQdFWyP,2021-01-14 14:55
339,##XinjiangOnline 专家：加拿大英国借抵制新疆产品表达对华脱钩，有政治作秀之嫌 https://t.co/oNSa4y4OTL,2021-01-14 14:57
340,##XinjiangOnline 专家：加拿大英国借抵制新疆产品表达对华脱钩，有政治作秀之嫌 https://t.co/mqen90aE9H,2021-01-14 15:00
341,##XinjiangOnline 专家：加拿大英国借抵制新疆产品表达对华脱钩，有政治作秀之嫌 https://t.co/BR2q3W0w4D,2021-01-14 15:20
342,专家：加拿大英国借抵制 #新疆 产品表达对华脱钩，有政治作秀之嫌 https://t.co/BR2q3W0w4D,2021-01-14 15:21
343,##XinjiangOnline 专家：加拿大英国借抵制新疆产品表达对华脱钩，有政治作秀之嫌 https://t.co/yvenuAEsjt,2021-01-14 15:33
344,##XinjiangOnline 专家：加拿大英国借抵制新疆产品表达对华脱钩，有政治作秀之嫌 https://t.co/NjUBx8iC5I,2021-01-14 15:42
345,专家：加拿大英国借抵制 #新疆 产品表达对华脱钩，有政治作秀之嫌 https://t.co/lJo29GsVuZ,2021-01-14 15:49
346,##XinjiangOnline 专家：加拿大英国借抵制新疆产品表达对华脱钩，有政治作秀之嫌 https://t.co/BWGson9xwx,2021-01-14 15:54
347,专家：加拿大英国借抵制 #新疆 产品表达对华脱钩，有政治作秀之嫌 https://t.co/BWGson9xwx,2021-01-14 15:56
348,##XinjiangOnline 专家：加拿大英国借抵制新疆产品表达对华脱钩，有政治作秀之嫌 https://t.co/0n9ECK6Hek,2021-01-14 15:58
349,专家：加拿大英国借抵制 #新疆 产品表达对华脱钩，有政治作秀之嫌 https://t.co/NDZcuxdOKq,2021-01-14 15:58
350,专家：加拿大英国借抵制 #新疆 产品表达对华脱钩，有政治作秀之嫌 https://t.co/0n9ECK6Hek,2021-01-14 16:00
351,##XinjiangOnline 专家：加拿大英国借抵制新疆产品表达对华脱钩，有政治作秀之嫌 https://t.co/33lcXSTRQq,2021-01-14 16:00
352,##XinjiangOnline 专家：加拿大英国借抵制新疆产品表达对华脱钩，有政治作秀之嫌 https://t.co/T6f01gCq4O,2021-01-14 16:14
353,"😻大早上的来份新疆特色早餐吃一吃！😊
PS：不要看我每天吃，但是我不胖（别打我）
#Xinjiang #Xinjiangonline #Uyghur #Uyghurs https://t.co/64sR8Wob24",2021-01-15 02:05
354,"@RianThum @twittersecurity @TwitterSupport 一个想“拯救维吾尔”的家伙叫别人猪😮
谁指示它做这种弱智的行为？🤔
A guy who wanted to ""save the Uyghurs"" called someone else a pig😮
Who instructed it to do such a mentally retarded behavior?🤔 https://t.co/cEwNzsyoVt",2021-01-15 10:12
355,关于 #中国 #新疆 的谎言与真相 #Xinjiang #Uyghur,2021-01-17 09:26
356,"RT @LakeyBe2: 沈逸揭穿美国的新疆人权问题套路
via刘欣 https://t.co/5uiHST3fNC",2021-01-18 05:14
357,不要说那么多没用的，看看那么多国家的领导人都选择接种中国疫苗了，这还有什么可以抹黑的，我们中国就是用事实和实力来说话！！！,2021-01-18 05:20
358,确实，虽然有人说很多外国人来中国说爱中国是“财富密码”，但是人家毕竟是真实的反映了中国，宣传了中国，比起天天嘴上带人权的那些“高楼上的学者们”比起来，后者有点太单薄了吧。,2021-01-18 07:43
359,RT @iajZITVx0G7ema4: 达喀尔赛的扎克尔太棒了吧！新疆儿子娃娃🤩🤩🤩 https://t.co/jxFQqfg6Cp,2021-01-19 10:41
360,"RT @Timothy45472685: 新疆腾飞大厦对面小广场跳舞的小姐姐😉
Young lady dancing in the small square opposite Xinjiang Ascendas Building
#XinjiangOnline https://…",2021-01-20 08:52
361,#XinjiangOnline #StopXinjiangRumors  #新疆 维吾尔自治区发布会痛批蓬佩奥  https://t.co/bkIjhSQLvF ~+…,2021-01-21 03:03
362,#XinjiangOnline #StopXinjiangRumors  #新疆 维吾尔自治区发布会痛批蓬佩奥  https://t.co/daWBXLJoXq (&amp;~,2021-01-21 03:13
363,#XinjiangOnline #StopXinjiangRumors  #新疆 维吾尔自治区发布会痛批蓬佩奥  https://t.co/P5kkmBneli +^·,2021-01-21 03:18
364,"新疆维吾尔自治区发布会痛批蓬佩奥：在他“政治遗毒”棺材上钉上最后一颗钉子！
@Uyghurspeaker @uyghurproject @UyghurCongress @UyghurBulletin 
https://t.co/PSXpdEbXuR https://t.co/GsPgRoUVLh",2021-01-21 03:22
365,"新疆维吾尔自治区发布会痛批蓬佩奥：在他“政治遗毒”棺材上钉上最后一颗钉子！
@Uyghurspeaker @uyghurproject @UyghurCongress @UyghurBulletin 
https://t.co/ZH1arofYcd https://t.co/0HoYcJnoTh",2021-01-21 03:24
366,"RT @JanetOscar5: 新疆维吾尔自治区发布会痛批蓬佩奥：在他“政治遗毒”棺材上钉上最后一颗钉子！
https://t.co/d3QOR03hwy",2021-01-21 03:25
367,新疆维吾尔自治区发布会痛批蓬佩奥：在他“政治遗毒”棺材上钉上最后一颗钉子！https://t.co/0EGTzXrFX2 https://t.co/XT0rzIe1pV,2021-01-21 03:27
368,#XinjiangOnline #StopXinjiangRumors  #新疆 维吾尔自治区发布会痛批蓬佩奥  https://t.co/LVJSVDyA50 (—&amp;,2021-01-21 03:30
369,#XinjiangOnline #StopXinjiangRumors  #新疆 维吾尔自治区发布会痛批蓬佩奥  https://t.co/RSBTeM1oWM &amp;$`,2021-01-21 03:40
370,#XinjiangOnline #StopXinjiangRumors  #新疆 维吾尔自治区发布会痛批蓬佩奥  https://t.co/74daDdbzLQ +）`,2021-01-21 03:47
371,#XinjiangOnline #StopXinjiangRumors  #新疆 维吾尔自治区发布会痛批蓬佩奥  https://t.co/eEGNSTmrE9 ^·%,2021-01-21 03:49
372,#XinjiangOnline #StopXinjiangRumors  #新疆 维吾尔自治区发布会痛批蓬佩奥  https://t.co/Bpb688RwNO +·),2021-01-21 03:50
373,#XinjiangOnline #StopXinjiangRumors  #新疆 维吾尔自治区发布会痛批蓬佩奥  https://t.co/GIt2lh2kjh ~￥~,2021-01-21 03:54
374,#XinjiangOnline #StopXinjiangRumors  #新疆 维吾尔自治区发布会痛批蓬佩奥  https://t.co/Daa1pYbEvo `)+,2021-01-21 03:56
375,#XinjiangOnline #StopXinjiangRumors  #新疆 维吾尔自治区发布会痛批蓬佩奥  https://t.co/n9dwIOOs0d $…~,2021-01-21 04:05
376,新疆维吾尔自治区发布会痛批蓬佩奥：在他“政治遗毒”棺材上钉上最后一颗钉子！https://t.co/pBmGalb1Zt —)￥,2021-01-21 04:05
377,蓬佩奥以“撒谎、欺骗、偷窃”为荣，即将下台之际，不断发出充满冷战腐臭的“咆哮”，丧心病狂地大肆攻击抹黑新疆https://t.co/cITqSriQk2 https://t.co/UHQ8BWyAcB,2021-01-21 04:07
378,"RT @XinjiangOnline1: 无论你的家乡叫它什么
在新疆，这个小可爱就叫皮芽子！😎
No matter what you call it in your hometown
In Xinjiang, this little cute is called Pi Yaz…",2021-01-21 04:10
379,#XinjiangOnline #StopXinjiangRumors  #新疆 维吾尔自治区发布会痛批蓬佩奥  https://t.co/BkBCnQ5YhW ·%&amp;,2021-01-21 04:13
380,#XinjiangOnline #StopXinjiangRumors  #新疆 维吾尔自治区发布会痛批蓬佩奥  https://t.co/xS0R03KXaO )）^,2021-01-21 04:14
381,#XinjiangOnline #StopXinjiangRumors  #新疆 维吾尔自治区发布会痛批蓬佩奥  https://t.co/QdJW4COwzw ^)_,2021-01-21 04:27
382,#XinjiangOnline #StopXinjiangRumors  #新疆 维吾尔自治区发布会痛批蓬佩奥  https://t.co/wycZxsvEei ^^*,2021-01-21 04:28
383,#XinjiangOnline #StopXinjiangRumors  #新疆 维吾尔自治区发布会痛批蓬佩奥  https://t.co/i55fOugLUM （··,2021-01-21 04:36
384,@Soap37870569 来新疆,2021-01-21 04:49
385,"新疆维吾尔自治区发布会痛批蓬佩奥：在他“政治遗毒”棺材上钉上最后一颗钉子！
@Uyghurspeaker @uyghurproject @UyghurCongress @UyghurBulletin 
https://t.co/wJYVtqVcgi https://t.co/2QkO9meRQV",2021-01-21 04:51
386,新疆维吾尔自治区发布会痛批蓬佩奥：在他“政治遗毒”棺材上钉上最后一颗钉子！https://t.co/sOybNeFf3U *(),2021-01-21 04:53
387,#XinjiangOnline #StopXinjiangRumors  #新疆 维吾尔自治区发布会痛批蓬佩奥  https://t.co/y94SA38S4h ￥~+,2021-01-21 04:58
388,#XinjiangOnline #StopXinjiangRumors  #新疆 维吾尔自治区发布会痛批蓬佩奥  https://t.co/9vLH6Cnomv ~+^,2021-01-21 05:14
389,#XinjiangOnline #StopXinjiangRumors  #新疆 维吾尔自治区发布会痛批蓬佩奥  https://t.co/2pMU6gBysp `~(,2021-01-21 05:16
390,#XinjiangOnline #StopXinjiangRumors  #新疆 维吾尔自治区发布会痛批蓬佩奥  https://t.co/9t0ciLM6Xe $·),2021-01-21 05:26
391,#XinjiangOnline #StopXinjiangRumors  #新疆 维吾尔自治区发布会痛批蓬佩奥  https://t.co/JMd8boJeRB (）_,2021-01-21 05:37
392,#XinjiangOnline #StopXinjiangRumors  #新疆 维吾尔自治区发布会痛批蓬佩奥  https://t.co/DMgMGimLUm &amp;`*,2021-01-21 05:38
393,#XinjiangOnline #StopXinjiangRumors  #新疆 维吾尔自治区发布会痛批蓬佩奥  https://t.co/UJYwuGbn7L $%(,2021-01-21 05:39
394,#XinjiangOnline #StopXinjiangRumors  #新疆 维吾尔自治区发布会痛批蓬佩奥  https://t.co/cN1zwTGjZP &amp;）^,2021-01-21 05:52
395,#XinjiangOnline #StopXinjiangRumors  #新疆 维吾尔自治区发布会痛批蓬佩奥  https://t.co/KtCAKs1FH8 ·+&amp;,2021-01-21 05:53
396,#XinjiangOnline #StopXinjiangRumors  #新疆 维吾尔自治区发布会痛批蓬佩奥  https://t.co/OYzNKqAB0r )—*,2021-01-21 05:54
397,#XinjiangOnline #StopXinjiangRumors  #新疆 维吾尔自治区发布会痛批蓬佩奥  https://t.co/xNFCb6xwn5 %$`,2021-01-21 06:03
398,#XinjiangOnline #StopXinjiangRumors  #新疆 维吾尔自治区发布会痛批蓬佩奥  https://t.co/TTDcApdewo ($^,2021-01-21 06:11
399,#XinjiangOnline #StopXinjiangRumors  #新疆 维吾尔自治区发布会痛批蓬佩奥  https://t.co/4kipnRXzbj （)`,2021-01-21 06:14
400,#XinjiangOnline #StopXinjiangRumors  #新疆 维吾尔自治区发布会痛批蓬佩奥  https://t.co/TL7IfE2VLH —`$,2021-01-21 06:15
401,#XinjiangOnline #StopXinjiangRumors  #新疆 维吾尔自治区发布会痛批蓬佩奥  https://t.co/wV5rSrITyL (&amp;(,2021-01-21 06:15
402,#XinjiangOnline #StopXinjiangRumors  #新疆 维吾尔自治区发布会痛批蓬佩奥  https://t.co/skNifO4h13 ·—(,2021-01-21 06:16
403,#XinjiangOnline #StopXinjiangRumors  #新疆 维吾尔自治区发布会痛批蓬佩奥  https://t.co/uzq4yGp5UB ·￥~,2021-01-21 06:22
404,"RT @Claire520Claire: 新疆维吾尔自治区发布会痛批蓬佩奥：在他“政治遗毒”棺材上钉上最后一颗钉子！
https://t.co/FUuSht2nBr",2021-01-21 06:22
405,#XinjiangOnline #StopXinjiangRumors  #新疆 维吾尔自治区发布会痛批蓬佩奥  https://t.co/RpoIBOCODD *^—,2021-01-21 06:30
406,#XinjiangOnline #StopXinjiangRumors  #新疆 维吾尔自治区发布会痛批蓬佩奥  https://t.co/wWekUorJG3 ·&amp;$,2021-01-21 06:33
407,#XinjiangOnline #StopXinjiangRumors  #新疆 维吾尔自治区发布会痛批蓬佩奥  https://t.co/NVss9fHAEB *（(,2021-01-21 06:35
408,#XinjiangOnline #StopXinjiangRumors  #新疆 维吾尔自治区发布会痛批蓬佩奥  https://t.co/bxmJrLiQvr $…%,2021-01-21 06:37
409,#XinjiangOnline #StopXinjiangRumors  #新疆 维吾尔自治区发布会痛批蓬佩奥  https://t.co/IdotrJxkuc ^+）,2021-01-21 06:41
410,#XinjiangOnline #StopXinjiangRumors  #新疆 维吾尔自治区发布会痛批蓬佩奥  https://t.co/xN4G3yddds ·)`,2021-01-21 06:44
411,#XinjiangOnline #StopXinjiangRumors  #新疆 维吾尔自治区发布会痛批蓬佩奥  https://t.co/3774V52Cqi %+(,2021-01-21 06:56
412,新疆维吾尔自治区发布会痛批蓬佩奥：在他“政治遗毒”棺材上钉上最后一颗钉子！https://t.co/UZrs8KnQh9 ~(）,2021-01-21 07:26
413,新疆维吾尔自治区发布会痛批蓬佩奥：在他“政治遗毒”棺材上钉上最后一颗钉子！https://t.co/DAB0Bajnvg %_%,2021-01-21 07:30
414,#XinjiangOnline #StopXinjiangRumors  #新疆 维吾尔自治区发布会痛批蓬佩奥  https://t.co/05V5ZNSdZW )_~,2021-01-21 07:37
415,#XinjiangOnline #StopXinjiangRumors  #新疆 维吾尔自治区发布会痛批蓬佩奥  https://t.co/FR3vQMb8MW %)—,2021-01-21 07:43
416,#XinjiangOnline #StopXinjiangRumors  #新疆 维吾尔自治区发布会痛批蓬佩奥  https://t.co/xchDHeX16G （$）,2021-01-21 07:48
417,"即使人类前往无垠的沙漠，
沙漠的精灵也会热情的迎接，
中国西北的双头驼峰骆驼。
#Xinjiang #Xinjiangonline https://t.co/5wrNjBXzao",2021-01-21 07:48
418,#XinjiangOnline #StopXinjiangRumors  #新疆 维吾尔自治区发布会痛批蓬佩奥  https://t.co/L0ON6yyXqd (`_,2021-01-21 07:49
419,#XinjiangOnline #StopXinjiangRumors  #新疆 维吾尔自治区发布会痛批蓬佩奥  https://t.co/5mnV2toRrX …）￥,2021-01-21 07:51
420,#XinjiangOnline #StopXinjiangRumors  #新疆 维吾尔自治区发布会痛批蓬佩奥  https://t.co/CRz5CPEQBe )%…,2021-01-21 07:53
421,新疆维吾尔自治区发布会痛批蓬佩奥：在他“政治遗毒”棺材上钉上最后一颗钉子！https://t.co/df95ZjlyGi —·(,2021-01-21 07:58
422,#XinjiangOnline #StopXinjiangRumors  #新疆 维吾尔自治区发布会痛批蓬佩奥  https://t.co/oSv03ViP5s —_^,2021-01-21 08:01
423,#XinjiangOnline #StopXinjiangRumors  #新疆 维吾尔自治区发布会痛批蓬佩奥  https://t.co/CRw6YZp5et —·￥,2021-01-21 08:09
424,#XinjiangOnline #StopXinjiangRumors  #新疆 维吾尔自治区发布会痛批蓬佩奥  https://t.co/st9Mbwa210 )+）,2021-01-21 08:12
425,#XinjiangOnline #StopXinjiangRumors  #新疆 维吾尔自治区发布会痛批蓬佩奥  https://t.co/NO7gYR2cN0 …￥`,2021-01-21 08:15
426,#XinjiangOnline #StopXinjiangRumors  #新疆 维吾尔自治区发布会痛批蓬佩奥  https://t.co/rOYc4AAxM3 &amp;%·,2021-01-21 08:38
427,@Toad83514981 一个新疆本地人,2021-01-21 08:40
428,#XinjiangOnline #StopXinjiangRumors  #新疆 维吾尔自治区发布会痛批蓬佩奥  https://t.co/s2BnPTYlwj $—_,2021-01-21 08:44
429,"RT @AndrePa95172130: 杀死穆斯林人数最多的家伙们非常关注新疆穆斯林！这使我感到非常担心被压制，因为美国正在压制所有中国人，所有！😬
我在新疆，向世界发出警告信号！
地球不应该被一个国家独裁！
#StopXinjiangRumors！
https://t.co…",2021-01-21 08:47
430,#XinjiangOnline #StopXinjiangRumors  #新疆 维吾尔自治区发布会痛批蓬佩奥  https://t.co/XjyB6zD6w8 %$）,2021-01-21 08:49
431,#XinjiangOnline #StopXinjiangRumors  #新疆 维吾尔自治区发布会痛批蓬佩奥  https://t.co/4FyN3lrvDJ ￥&amp;·,2021-01-21 08:58
432,"新疆维吾尔自治区发布会痛批蓬佩奥：在他“政治遗毒”棺材上钉上最后一颗钉子！
@Uyghurspeaker @uyghurproject @UyghurCongress @UyghurBulletin 
https://t.co/wJYVtqVcgi https://t.co/PD4GCIFEsa",2021-01-21 09:04
433,#XinjiangOnline #StopXinjiangRumors  #新疆 维吾尔自治区发布会痛批蓬佩奥  https://t.co/dwjlkRkvWU +$—,2021-01-21 09:29
434,#XinjiangOnline #StopXinjiangRumors  #新疆 维吾尔自治区发布会痛批蓬佩奥  https://t.co/Fs8Q5pinP4 ^—…,2021-01-21 09:56
435,#XinjiangOnline #StopXinjiangRumors  #新疆 维吾尔自治区发布会痛批蓬佩奥  https://t.co/YeHWnjYYDm ))—,2021-01-21 09:56
436,#XinjiangOnline #StopXinjiangRumors  #新疆 维吾尔自治区发布会痛批蓬佩奥  https://t.co/5tzkRgnKPp +(),2021-01-21 10:19
437,#XinjiangOnline #StopXinjiangRumors  #新疆 维吾尔自治区发布会痛批蓬佩奥  https://t.co/JfxryA3so6 `%…,2021-01-21 10:23
438,#XinjiangOnline #StopXinjiangRumors  #新疆 维吾尔自治区发布会痛批蓬佩奥  https://t.co/lS4B5PB9IL (）^,2021-01-21 10:28
439,#XinjiangOnline #StopXinjiangRumors  #新疆 维吾尔自治区发布会痛批蓬佩奥  https://t.co/uucLAOMKLl —%(,2021-01-21 11:15
440,"RT @Tursunali_6: 看看普通新疆人是咋样评价你的，😏PP奥！
你们是真正的关心中国 XJ 的穆斯林吗？😏
你们只是想用谎言在新疆制造矛盾而已！😏
STOP @mikepompeo LIES！ https://t.co/C63VmzkAEO",2021-01-30 12:36
441,#Xinjiang “新疆是个好地方——面向驻日内瓦使团和联合国机构视频宣介会”举行   https://t.co/nQFW5qdg0l GBLT,2021-02-04 03:50
442,#Xinjiang “新疆是个好地方——面向驻日内瓦使团和联合国机构视频宣介会”举行   https://t.co/189DDCFmBI MDGJ,2021-02-04 03:50
443,#Xinjiang “新疆是个好地方——面向驻日内瓦使团和联合国机构视频宣介会”举行   https://t.co/ONQESg9Tog FMMH,2021-02-04 03:54
444,#Xinjiang “新疆是个好地方——面向驻日内瓦使团和联合国机构视频宣介会”举行   https://t.co/kw6uIOHSi1 ETYW,2021-02-04 03:56
445,#Xinjiang “新疆是个好地方——面向驻日内瓦使团和联合国机构视频宣介会”举行   https://t.co/R7VA9BEmDN HNGD,2021-02-04 03:58
446,#Xinjiang “新疆是个好地方——面向驻日内瓦使团和联合国机构视频宣介会”举行   https://t.co/ebm9VufRMZ NYUQ,2021-02-04 04:01
447,#Xinjiang “新疆是个好地方——面向驻日内瓦使团和联合国机构视频宣介会”举行   https://t.co/Vh5nbutqrW XREL,2021-02-04 04:10
448,#Xinjiang “新疆是个好地方——面向驻日内瓦使团和联合国机构视频宣介会”举行   https://t.co/fEVqqFHCYs KJHB,2021-02-04 04:17
449,#Xinjiang “新疆是个好地方——面向驻日内瓦使团和联合国机构视频宣介会”举行   https://t.co/VQJGS7sChe JCGN,2021-02-04 04:21
450,驻阿塞拜疆大使郭敏就新疆问题接受阿“观点”新闻网专访 https://t.co/kUIW5JhxXg CLUP,2021-02-04 04:35
451,#Xinjiang “新疆是个好地方——面向驻日内瓦使团和联合国机构视频宣介会”举行   https://t.co/ONQESg9Tog JSGM,2021-02-04 04:45
452,#Xinjiang “新疆是个好地方——面向驻日内瓦使团和联合国机构视频宣介会”举行   https://t.co/LkFtZmePMM MTKS,2021-02-04 04:47
453,驻阿塞拜疆大使郭敏就 #新疆 问题接受阿“观点”新闻网专访 https://t.co/tvMNsc4mto ZOVS,2021-02-04 04:48
454,驻阿塞拜疆大使郭敏就 #新疆 问题接受阿“观点”新闻网专访 https://t.co/Gkyr1wVHGS EAVF,2021-02-04 04:49
455,驻阿塞拜疆大使郭敏就新疆问题接受阿“观点”新闻网专访 https://t.co/Ru2R8I8OyK MJPK,2021-02-04 04:49
456,#Xinjiang “新疆是个好地方——面向驻日内瓦使团和联合国机构视频宣介会”举行   https://t.co/LkFtZmePMM FUPX,2021-02-04 04:53
457,驻阿塞拜疆大使郭敏就 #新疆 问题接受阿“观点”新闻网专访 https://t.co/tvMNsc4mto FLDD,2021-02-04 04:54
458,驻阿塞拜疆大使郭敏就 #新疆 问题接受阿“观点”新闻网专访 https://t.co/Gkyr1wVHGS PBQF,2021-02-04 04:55
459,驻阿塞拜疆大使郭敏就新疆问题接受阿“观点”新闻网专访 https://t.co/Ru2R8I8OyK OQUL,2021-02-04 04:55
460,驻阿塞拜疆大使郭敏就新疆问题接受阿“观点”新闻网专访 https://t.co/8UA8cUMJvE EPTV,2021-02-04 04:59
461,驻阿塞拜疆大使郭敏就新疆问题接受阿“观点”新闻网专访 https://t.co/GJNegaEJmn JERO,2021-02-04 05:03
462,驻阿塞拜疆大使郭敏就新疆问题接受阿“观点”新闻网专访 https://t.co/8UA8cUMJvE JXVE,2021-02-04 05:05
463,驻阿塞拜疆大使郭敏就新疆问题接受阿“观点”新闻网专访 https://t.co/GJNegaEJmn ZHPK,2021-02-04 05:09
464,#Xinjiang “新疆是个好地方——面向驻日内瓦使团和联合国机构视频宣介会”举行   https://t.co/9JrZqgVi55 VUDB,2021-02-04 05:17
465,驻阿塞拜疆大使郭敏就 #新疆 问题接受阿“观点”新闻网专访 https://t.co/6s3aGQ2BvV OTYG,2021-02-04 05:20
466,驻阿塞拜疆大使郭敏就新疆问题接受阿“观点”新闻网专访 https://t.co/wCrgbJfjja LGZT,2021-02-04 05:23
467,#Xinjiang “新疆是个好地方——面向驻日内瓦使团和联合国机构视频宣介会”举行   https://t.co/iuY2V8izXg CDNZ,2021-02-04 05:23
468,#Xinjiang “新疆是个好地方——面向驻日内瓦使团和联合国机构视频宣介会”举行   https://t.co/hDIY5tGNRf YZOY,2021-02-04 05:24
469,驻阿塞拜疆大使郭敏就新疆问题接受阿“观点”新闻网专访 https://t.co/6s3aGQ2BvV VXTX,2021-02-04 05:26
470,驻阿塞拜疆大使郭敏就 #新疆 问题接受阿“观点”新闻网专访 https://t.co/I6HCcr9JMR XHKL,2021-02-04 05:28
471,驻阿塞拜疆大使郭敏就新疆问题接受阿“观点”新闻网专访 https://t.co/wCrgbJfjja XBYD,2021-02-04 05:29
472,#Xinjiang “新疆是个好地方——面向驻日内瓦使团和联合国机构视频宣介会”举行   https://t.co/hDIY5tGNRf YXTQ,2021-02-04 05:30
473,驻阿塞拜疆大使郭敏就新疆问题接受阿“观点”新闻网专访 https://t.co/6s3aGQ2BvV GSMU,2021-02-04 05:32
474,#Xinjiang “新疆是个好地方——面向驻日内瓦使团和联合国机构视频宣介会”举行   https://t.co/ebm9VufRMZ RORE,2021-02-04 05:35
475,驻阿塞拜疆大使郭敏就 #新疆 问题接受阿“观点”新闻网专访 https://t.co/2FJ2ikv3tx OAQT,2021-02-04 05:36
476,#Xinjiang “新疆是个好地方——面向驻日内瓦使团和联合国机构视频宣介会”举行   https://t.co/Td08MyoGnk VYKY,2021-02-04 05:39
477,驻阿塞拜疆大使郭敏就 #新疆 问题接受阿“观点”新闻网专访 https://t.co/IMvm7nQZ2J OIGK,2021-02-04 05:41
478,#Xinjiang “新疆是个好地方——面向驻日内瓦使团和联合国机构视频宣介会”举行   https://t.co/WUIRJdT9qS OMLX,2021-02-04 05:52
479,#Xinjiang “新疆是个好地方——面向驻日内瓦使团和联合国机构视频宣介会”举行   https://t.co/1nwesovueL ESKI,2021-02-04 05:56
480,#Xinjiang “新疆是个好地方——面向驻日内瓦使团和联合国机构视频宣介会”举行   https://t.co/0IOmz1yYil BMXQ,2021-02-04 05:57
481,#Xinjiang “新疆是个好地方——面向驻日内瓦使团和联合国机构视频宣介会”举行   https://t.co/WUIRJdT9qS KLGS,2021-02-04 05:57
482,#Xinjiang “新疆是个好地方——面向驻日内瓦使团和联合国机构视频宣介会”举行   https://t.co/WUIRJdT9qS RIES,2021-02-04 06:03
483,驻阿塞拜疆大使郭敏就新疆问题接受阿“观点”新闻网专访 https://t.co/FkCwoflxoN DZQD,2021-02-04 06:09
484,驻阿塞拜疆大使郭敏就新疆问题接受阿“观点”新闻网专访 https://t.co/FkCwoflxoN YXMG,2021-02-04 06:15
485,#Xinjiang “新疆是个好地方——面向驻日内瓦使团和联合国机构视频宣介会”举行   https://t.co/r3RVdjKz9m LZHZ,2021-02-04 06:28
486,驻阿塞拜疆大使郭敏就新疆问题接受阿“观点”新闻网专访 https://t.co/Kf16lrTcuI YTJF,2021-02-04 06:29
487,驻阿塞拜疆大使郭敏就 #新疆 问题接受阿“观点”新闻网专访 https://t.co/nuNKlzTGs2 OCPE,2021-02-04 06:34
488,驻阿塞拜疆大使郭敏就新疆问题接受阿“观点”新闻网专访 https://t.co/Kf16lrTcuI PFCT,2021-02-04 06:35
489,#Xinjiang “新疆是个好地方——面向驻日内瓦使团和联合国机构视频宣介会”举行   https://t.co/VQJGS7sChe OWBO,2021-02-04 06:39
490,#Xinjiang “新疆是个好地方——面向驻日内瓦使团和联合国机构视频宣介会”举行   https://t.co/Yw80X3jPKx GGXN,2021-02-04 06:41
491,驻阿塞拜疆大使郭敏就新疆问题接受阿“观点”新闻网专访 https://t.co/6vYCGgsFR5 GTAV,2021-02-04 06:44
492,#Xinjiang “新疆是个好地方——面向驻日内瓦使团和联合国机构视频宣介会”举行   https://t.co/Yw80X3jPKx DESU,2021-02-04 06:47
493,#Xinjiang “新疆是个好地方——面向驻日内瓦使团和联合国机构视频宣介会”举行   https://t.co/R7VA9BEmDN KBDJ,2021-02-04 06:49
494,#Xinjiang “新疆是个好地方——面向驻日内瓦使团和联合国机构视频宣介会”举行   https://t.co/Yw80X3jPKx LDBC,2021-02-04 06:52
495,驻阿塞拜疆大使郭敏就新疆问题接受阿“观点”新闻网专访 https://t.co/jsyn1BdyLQ QQIX,2021-02-04 07:01
496,驻阿塞拜疆大使郭敏就新疆问题接受阿“观点”新闻网专访 https://t.co/N4TE1oKLKM RWVA,2021-02-04 07:13
497,#Xinjiang “新疆是个好地方——面向驻日内瓦使团和联合国机构视频宣介会”举行   https://t.co/5aU8e6uWfT UWIC,2021-02-04 07:14
498,驻阿塞拜疆大使郭敏就 #新疆 问题接受阿“观点”新闻网专访 https://t.co/PLxeQkCkXa OULA,2021-02-04 07:20
499,#Xinjiang “新疆是个好地方——面向驻日内瓦使团和联合国机构视频宣介会”举行   https://t.co/VuZB1iU909 CXNN,2021-02-04 07:50
500,#Xinjiang “新疆是个好地方——面向驻日内瓦使团和联合国机构视频宣介会”举行   https://t.co/LPfPhKBShC SUGM,2021-02-04 07:51
501,#Xinjiang “新疆是个好地方——面向驻日内瓦使团和联合国机构视频宣介会”举行   https://t.co/XejdRB51Id LOZM,2021-02-04 07:58
502,驻阿塞拜疆大使郭敏就新疆问题接受阿“观点”新闻网专访 https://t.co/Rzs0vIuNib MRZK,2021-02-04 08:05
503,#Xinjiang “新疆是个好地方——面向驻日内瓦使团和联合国机构视频宣介会”举行   https://t.co/0yBSqtCUcg ZEQF,2021-02-04 08:10
504,#Xinjiang “新疆是个好地方——面向驻日内瓦使团和联合国机构视频宣介会”举行   https://t.co/3TU1weqTDj QSGT,2021-02-04 08:11
505,#Xinjiang “新疆是个好地方——面向驻日内瓦使团和联合国机构视频宣介会”举行   https://t.co/XejdRB51Id MIDT,2021-02-04 08:12
506,#Xinjiang “新疆是个好地方——面向驻日内瓦使团和联合国机构视频宣介会”举行   https://t.co/XejdRB51Id JKXR,2021-02-04 08:18
507,驻阿塞拜疆大使郭敏就 #新疆 问题接受阿“观点”新闻网专访 https://t.co/ocjoUBGnC7 PZYG,2021-02-04 08:24
508,驻阿塞拜疆大使郭敏就 #新疆 问题接受阿“观点”新闻网专访 https://t.co/ocjoUBGnC7 OBCL,2021-02-04 08:30
509,驻阿塞拜疆大使郭敏就 #新疆 问题接受阿“观点”新闻网专访 https://t.co/ocjoUBGnC7 XSUQ,2021-02-04 08:36
510,#Xinjiang “新疆是个好地方——面向驻日内瓦使团和联合国机构视频宣介会”举行   https://t.co/STjsAeSgR4 XJZV,2021-02-04 08:39
511,驻阿塞拜疆大使郭敏就新疆问题接受阿“观点”新闻网专访 https://t.co/ocjoUBGnC7 JZLB,2021-02-04 08:42
512,驻阿塞拜疆大使郭敏就新疆问题接受阿“观点”新闻网专访 https://t.co/sVL99cj9iV WMOL,2021-02-04 08:42
513,驻阿塞拜疆大使郭敏就新疆问题接受阿“观点”新闻网专访 https://t.co/sVL99cj9iV YJBL,2021-02-04 08:48
514,#Xinjiang “新疆是个好地方——面向驻日内瓦使团和联合国机构视频宣介会”举行   https://t.co/STjsAeSgR4 VJBW,2021-02-04 08:49
515,驻阿塞拜疆大使郭敏就 #新疆 问题接受阿“观点”新闻网专访 https://t.co/ZDQ3FbynOM KQSA,2021-02-04 08:52
516,驻阿塞拜疆大使郭敏就新疆问题接受阿“观点”新闻网专访 https://t.co/ZDQ3FbynOM DZHT,2021-02-04 08:58
517,驻阿塞拜疆大使郭敏就新疆问题接受阿“观点”新闻网专访 https://t.co/ZDQ3FbynOM MFDF,2021-02-04 09:04
518,#Xinjiang “新疆是个好地方——面向驻日内瓦使团和联合国机构视频宣介会”举行   https://t.co/eLu5PSWxzq IYUD,2021-02-04 09:06
519,#Xinjiang “新疆是个好地方——面向驻日内瓦使团和联合国机构视频宣介会”举行   https://t.co/eLu5PSWxzq NACK,2021-02-04 09:12
520,#Xinjiang “新疆是个好地方——面向驻日内瓦使团和联合国机构视频宣介会”举行   https://t.co/eLu5PSWxzq GWWM,2021-02-04 09:18
521,驻阿塞拜疆大使郭敏就 #新疆 问题接受阿“观点”新闻网专访 https://t.co/MRtN74SjuQ EZIW,2021-02-04 09:24
522,驻阿塞拜疆大使郭敏就 #新疆 问题接受阿“观点”新闻网专访 https://t.co/MwxHLSPCqw NEPD,2021-02-04 09:25
523,驻阿塞拜疆大使郭敏就 #新疆 问题接受阿“观点”新闻网专访 https://t.co/jyQVsOhUAp JAPX,2021-02-04 09:26
524,驻阿塞拜疆大使郭敏就新疆问题接受阿“观点”新闻网专访 https://t.co/MpTxb3NKU9 JDDO,2021-02-04 09:30
525,驻阿塞拜疆大使郭敏就新疆问题接受阿“观点”新闻网专访 https://t.co/jyQVsOhUAp LBCW,2021-02-04 09:32
526,驻阿塞拜疆大使郭敏就新疆问题接受阿“观点”新闻网专访 https://t.co/kUIW5Jz8OO MNTN,2021-02-04 09:35
527,驻阿塞拜疆大使郭敏就 #新疆 问题接受阿“观点”新闻网专访 https://t.co/lf2yXkw19A GKKY,2021-02-04 09:54
528,#Xinjiang “新疆是个好地方——面向驻日内瓦使团和联合国机构视频宣介会”举行   https://t.co/ABR0mGRmyc XDFP,2021-02-04 10:48
529,RT @CNS1952: 【新疆教培中心學員結業後的生活：就業創業帶動致富】為從源頭上剷除恐怖主義和極端主義滋生的土壤，新疆依法設立職業技能教育培訓中心。2019年10月，官方宣布新疆參加“三學一去”的教培學員已全部結業。教培中心學員結業後的生活如何？来看：#擺事實 https…,2021-02-12 08:33
530,#蓬佩奥，没人相信你的胡言乱语 ！来自#新疆 https://t.co/SMMkUavxaI MCRG,2021-02-14 08:47
531,#蓬佩奥，没人相信你的胡言乱语 ！来自#新疆 https://t.co/rKm9s0sSYi GQOU,2021-02-14 08:51
532,#蓬佩奥，没人相信你的胡言乱语 ！来自#新疆 https://t.co/jmUfYSzwkp NTZW,2021-02-14 08:56
533,#蓬佩奥，没人相信你的胡言乱语 ！来自#新疆 https://t.co/psEdRRHn29 IUMP,2021-02-14 08:58
534,#蓬佩奥，没人相信你的胡言乱语 ！来自#新疆 https://t.co/XtRkG1Kr1p ZZRZ,2021-02-14 09:02
535,#蓬佩奥，没人相信你的胡言乱语 ！来自#新疆 https://t.co/YHwcaKIGFR HDSV,2021-02-14 09:03
536,#蓬佩奥，没人相信你的胡言乱语 ！来自#新疆 https://t.co/UIa3QscpV2 OVVQ,2021-02-14 09:09
537,#蓬佩奥，没人相信你的胡言乱语 ！来自#新疆 https://t.co/7W3SZo9Svv IZHQ,2021-02-14 09:14
538,#蓬佩奥，没人相信你的胡言乱语 ！来自#新疆 https://t.co/y4utpFclIL ATFE,2021-02-14 09:18
539,#蓬佩奥，没人相信你的胡言乱语 ！来自#新疆 https://t.co/y3eBBd8UgJ AHTK,2021-02-14 09:18
540,#蓬佩奥，没人相信你的胡言乱语 ！来自#新疆 https://t.co/UDWK7Y72hI AOTA,2021-02-14 09:19
541,#蓬佩奥，没人相信你的胡言乱语 ！来自#新疆 https://t.co/tPRvTegqS9 ZRBB,2021-02-14 09:23
542,#蓬佩奥，没人相信你的胡言乱语 ！来自#新疆 https://t.co/VFmBzqujqp SFZH,2021-02-14 09:25
543,#蓬佩奥，没人相信你的胡言乱语 ！来自#新疆 https://t.co/EYQM6eTtgb HKVR,2021-02-14 09:26
544,#蓬佩奥，没人相信你的胡言乱语 ！来自#新疆 https://t.co/zDWlA7KanW AOUI,2021-02-14 09:33
545,#蓬佩奥，没人相信你的胡言乱语 ！来自#新疆 https://t.co/KsI0c3JdFf CYGV,2021-02-14 09:35
546,#蓬佩奥，没人相信你的胡言乱语 ！来自#新疆 https://t.co/LqJ8Mc5pia PBQG,2021-02-14 09:36
547,#蓬佩奥，没人相信你的胡言乱语 ！来自#新疆 https://t.co/cFygq7cavv YHGQ,2021-02-14 09:38
548,#蓬佩奥，没人相信你的胡言乱语 ！来自#新疆 https://t.co/Asm7Lq1Yx0 UGZC,2021-02-14 09:40
549,#蓬佩奥，没人相信你的胡言乱语 ！来自#新疆 https://t.co/jp2EDaVSDy KHGD,2021-02-14 09:45
550,中国没有种族灭绝，BBC涉疆谎言（第一集）#Xinjing https://t.co/sanWwXVZXS TLOJ,2021-02-16 05:35
551,中国没有种族灭绝，BBC涉疆谎言（第一集）#Xinjing https://t.co/zcmdYyAuLF LEFB,2021-02-16 05:36
552,中国没有种族灭绝，BBC涉疆谎言（第一集）#Xinjing https://t.co/rlHdLSZoo7 XJAS,2021-02-16 05:39
553,中国没有种族灭绝，BBC涉疆谎言（第一集）#Xinjing https://t.co/aWxRSA5ol2 FROS,2021-02-16 05:40
554,中国没有种族灭绝，BBC涉疆谎言（第一集）#Xinjing https://t.co/4TvfAEcVLD LMER,2021-02-16 05:42
555,中国没有种族灭绝，BBC涉疆谎言（第一集）#Xinjing https://t.co/ZmQzpflkMh NYBO,2021-02-16 05:44
556,中国没有种族灭绝，BBC涉疆谎言（第一集）#Xinjing https://t.co/SmnWnSViyk LDMF,2021-02-16 05:46
557,中国没有种族灭绝，BBC涉疆谎言（第一集）#Xinjing https://t.co/D4poFZjZFM FQWY,2021-02-16 05:51
558,中国没有种族灭绝，BBC涉疆谎言（第一集）#Xinjing https://t.co/TlEPlShXKh QIHO,2021-02-16 05:53
559,中国没有种族灭绝，BBC涉疆谎言（第一集）#Xinjing https://t.co/ohivLmRTZq QNBB,2021-02-16 05:54
560,中国没有种族灭绝，BBC涉疆谎言（第一集）#Xinjing https://t.co/3VhPPnbNRM BXNU,2021-02-16 05:57
561,中国没有种族灭绝，BBC涉疆谎言（第一集）#Xinjing https://t.co/LuoLmVYatr RKJZ,2021-02-16 05:58
562,中国没有种族灭绝，BBC涉疆谎言（第一集）#Xinjing https://t.co/KZC3mnJ8de JPKI,2021-02-16 05:59
563,中国没有种族灭绝，BBC涉疆谎言（第一集）#Xinjing https://t.co/kxccGyjj73 MFIW,2021-02-16 06:00
564,中国没有种族灭绝，BBC涉疆谎言（第一集）#Xinjing https://t.co/8lWJoK1K97 JEAW,2021-02-16 06:05
565,中国没有种族灭绝，BBC涉疆谎言（第一集）#Xinjing https://t.co/2Yy4NcR21U BZLM,2021-02-16 06:08
566,中国没有种族灭绝，BBC涉疆谎言（第一集）#Xinjing https://t.co/Y4kwjCUgWX IWVK,2021-02-16 06:10
567,中国没有种族灭绝，BBC涉疆谎言（第一集）#Xinjing https://t.co/KHkcuxnq0g VLQN,2021-02-16 06:14
568,中国没有种族灭绝，BBC涉疆谎言（第一集）#Xinjing https://t.co/Zr8rQJzAlU MOZI,2021-02-16 06:16
569,中国没有种族灭绝，BBC涉疆谎言（第一集）#Xinjing https://t.co/EAdFCxzPPA XGRV,2021-02-16 06:18
570,中国没有种族灭绝，BBC涉疆谎言（第一集）#Xinjing https://t.co/QmIh5v2AkY ERRA,2021-02-16 06:20
571,中国没有种族灭绝，BBC涉疆谎言（第一集）#Xinjing https://t.co/WgvNSulJQR KWFC,2021-02-16 06:24
572,中国没有种族灭绝，BBC涉疆谎言（第一集）#Xinjing https://t.co/mwxbwp4vtt KLVT,2021-02-16 06:26
573,中国没有种族灭绝，BBC涉疆谎言（第一集）#Xinjing https://t.co/gRkKoAgIr7 FGHH,2021-02-16 06:31
574,中国没有种族灭绝，BBC涉疆谎言（第一集）#Xinjing https://t.co/WrxxDUKKhh DILA,2021-02-16 06:33
575,中国没有种族灭绝，BBC涉疆谎言（第一集）#Xinjing https://t.co/knWJU9MQlj TYYW,2021-02-16 06:34
576,中国没有种族灭绝，BBC涉疆谎言（第一集）#Xinjing https://t.co/QJCmJxGI1F SYHJ,2021-02-16 06:36
577,中国没有种族灭绝，BBC涉疆谎言（第一集）#Xinjing https://t.co/3IeSIQFJ7w NHRT,2021-02-16 06:38
578,中国没有种族灭绝，BBC涉疆谎言（第一集）#Xinjing https://t.co/pSkS0timtq TSYL,2021-02-16 06:39
579,中国没有种族灭绝，BBC涉疆谎言（第一集）#Xinjing https://t.co/9J5Sh1LavS RPMU,2021-02-16 06:40
580,中国没有种族灭绝，BBC涉疆谎言（第一集）#Xinjing https://t.co/OYHjvrHMA4 MJHO,2021-02-16 06:42
581,中国没有种族灭绝，BBC涉疆谎言（第一集）#Xinjing https://t.co/YZfdlx3s8v MGFP,2021-02-16 06:43
582,中国没有种族灭绝，BBC涉疆谎言（第一集）#Xinjing https://t.co/d2OYB9OrY2 MDKV,2021-02-16 06:48
583,中国没有种族灭绝，BBC涉疆谎言（第一集）#Xinjing https://t.co/SEFUOLcPvN YMJR,2021-02-16 06:49
584,中国没有种族灭绝，BBC涉疆谎言（第一集）#Xinjing https://t.co/yr9vx3tD6F JGXI,2021-02-16 06:52
585,中国没有种族灭绝，BBC涉疆谎言（第一集）#Xinjing https://t.co/S7OjUtZCHR CFSA,2021-02-16 06:53
586,中国没有种族灭绝，BBC涉疆谎言（第一集）#Xinjing https://t.co/glefxF5fh6 XMJN,2021-02-16 06:54
587,中国没有种族灭绝，BBC涉疆谎言（第一集）#Xinjing https://t.co/WLn66iwXeE KNLU,2021-02-16 06:56
588,中国没有种族灭绝，BBC涉疆谎言（第一集）#Xinjing https://t.co/WPhnvrrAyw ADFD,2021-02-16 06:59
589,中国没有种族灭绝，BBC涉疆谎言（第一集）#Xinjing https://t.co/Foa5jL2Yrk RJKC,2021-02-16 07:00
590,中国没有种族灭绝，BBC涉疆谎言（第一集）#Xinjing https://t.co/8xazjmwoCC QUHN,2021-02-16 07:01
591,中国没有种族灭绝，BBC涉疆谎言（第一集）#Xinjing https://t.co/ylXwnGSKcg UVTZ,2021-02-16 07:02
592,中国没有种族灭绝，BBC涉疆谎言（第一集）#Xinjing https://t.co/wsgmDWdZgr CHYI,2021-02-16 07:03
593,中国没有种族灭绝，BBC涉疆谎言（第一集）#Xinjing https://t.co/FELElcirh9 LNTT,2021-02-16 07:05
594,中国没有种族灭绝，BBC涉疆谎言（第一集）#Xinjing https://t.co/GTXCYADQzZ TGLI,2021-02-16 07:07
595,中国没有种族灭绝，BBC涉疆谎言（第一集）#Xinjing https://t.co/p5S01zFzVx GSFP,2021-02-16 07:12
596,中国没有种族灭绝，BBC涉疆谎言（第一集）#Xinjing https://t.co/i6cHwRX8Wx SXWW,2021-02-16 07:13
597,中国没有种族灭绝，BBC涉疆谎言（第一集）#Xinjing https://t.co/cIvQ7jr2C2 CCIW,2021-02-16 07:14
598,中国没有种族灭绝，BBC涉疆谎言（第一集）#Xinjing https://t.co/twYNYTgZqt BBPY,2021-02-16 07:15
599,中国没有种族灭绝，BBC涉疆谎言（第一集）#Xinjing https://t.co/KEHXhfJ3oy YSHN,2021-02-16 07:16
600,中国没有种族灭绝，BBC涉疆谎言（第一集）#Xinjing https://t.co/E9wA4oqCvb JBFI,2021-02-16 07:17
601,中国没有种族灭绝，BBC涉疆谎言（第一集）#Xinjing https://t.co/nfy92MUSms DHZZ,2021-02-16 07:20
602,中国没有种族灭绝，BBC涉疆谎言（第一集）#Xinjing https://t.co/EdWZArQUDh EBQN,2021-02-16 07:22
603,中国没有种族灭绝，BBC涉疆谎言（第一集）#Xinjing https://t.co/5nqgFpDPFZ PFDG,2021-02-16 07:23
604,中国没有种族灭绝，BBC涉疆谎言（第一集）#Xinjing https://t.co/fQYjqjgkI9 WMYW,2021-02-16 07:25
605,中国没有种族灭绝，BBC涉疆谎言（第一集）#Xinjing https://t.co/9hgpqAd2JZ JDKQ,2021-02-16 07:27
606,中国没有种族灭绝，BBC涉疆谎言（第一集）#Xinjing https://t.co/twDv0Nzszg OAPX,2021-02-16 07:28
607,中国没有种族灭绝，BBC涉疆谎言（第一集）#Xinjing https://t.co/KV9M6pcvzr WYXN,2021-02-16 07:30
608,中国没有种族灭绝，BBC涉疆谎言（第一集）#Xinjing https://t.co/6yrISSjbB1 XHJF,2021-02-16 07:34
609,中国没有种族灭绝，BBC涉疆谎言（第一集）#Xinjing https://t.co/tsAZU3GFOf QXTM,2021-02-16 07:35
610,駁新疆再教育營 中駐德大使：美法也有類似機構  https://t.co/ZUUsaHLOXI HOSR,2021-02-20 08:48
611,駁新疆再教育營 中駐德大使：美法也有類似機構  https://t.co/HZkIOlLhHf UJPE,2021-02-20 08:50
612,駁新疆再教育營 中駐德大使：美法也有類似機構  https://t.co/mb7axJKzK5 UOYN,2021-02-20 08:53
613,駁新疆再教育營 中駐德大使：美法也有類似機構  https://t.co/OUMXpd9cWB PJYN,2021-02-20 08:58
614,駁新疆再教育營 中駐德大使：美法也有類似機構  https://t.co/Ptp12mWwcT PFGW,2021-02-20 09:00
615,駁新疆再教育營 中駐德大使：美法也有類似機構  https://t.co/VCGjnzqui7 QJRE,2021-02-20 09:04
616,駁新疆再教育營 中駐德大使：美法也有類似機構  https://t.co/OFyva8XHbh DRPY,2021-02-20 09:12
617,駁新疆再教育營 中駐德大使：美法也有類似機構  https://t.co/awlFFCbp9J UGMP,2021-02-20 09:31
618,駁新疆再教育營 中駐德大使：美法也有類似機構  https://t.co/DmqHXL2h1e ZZAR,2021-02-20 09:38
619,駁新疆再教育營 中駐德大使：美法也有類似機構  https://t.co/9dEcuOw3Jj TXPB,2021-02-20 10:15
620,駁新疆再教育營 中駐德大使：美法也有類似機構  https://t.co/HZkIOlLhHf PCIQ,2021-02-20 10:16
621,駁新疆再教育營 中駐德大使：美法也有類似機構  https://t.co/W1w687fPLi TGQF,2021-02-20 10:29
622,駁新疆再教育營 中駐德大使：美法也有類似機構  https://t.co/Lto3jMo8WV QFBV,2021-02-20 11:09
623,駁新疆再教育營 中駐德大使：美法也有類似機構  https://t.co/A9Ir9jIuuj EQCC,2021-02-20 11:09
624,駁新疆再教育營 中駐德大使：美法也有類似機構  https://t.co/8jtJn8VGWi PWIE,2021-02-20 11:31
625,駁新疆再教育營 中駐德大使：美法也有類似機構  https://t.co/XnqlznM9Zy NQSB,2021-02-20 12:41
626,駁新疆再教育營 中駐德大使：美法也有類似機構  https://t.co/GjmJ1OgDM2 WBAI,2021-02-20 12:59
627,駁新疆再教育營 中駐德大使：美法也有類似機構  https://t.co/8UgsfShiGy GPFU,2021-02-20 13:05
628,駁新疆再教育營 中駐德大使：美法也有類似機構  https://t.co/GjmJ1OgDM2 FZWQ,2021-02-20 13:05
629,駁新疆再教育營 中駐德大使：美法也有類似機構  https://t.co/GjmJ1OgDM2 EKLH,2021-02-20 13:11
630,駁新疆再教育營 中駐德大使：美法也有類似機構  https://t.co/vsNcsIwAsF TQNY,2021-02-20 13:17
631,駁新疆再教育營 中駐德大使：美法也有類似機構  https://t.co/CfSn9qhBBQ PPVH,2021-02-20 13:42
632,駁新疆再教育營 中駐德大使：美法也有類似機構  https://t.co/hMoPoIwoJG JUHZ,2021-02-20 13:58
633,駁新疆再教育營 中駐德大使：美法也有類似機構  https://t.co/hMoPoIwoJG GHLZ,2021-02-20 14:04
634,駁新疆再教育營 中駐德大使：美法也有類似機構  https://t.co/WHGbOKQqYI LDVC,2021-02-20 14:34
635,駁新疆再教育營 中駐德大使：美法也有類似機構  https://t.co/5qzZabf8bO VCUD,2021-02-20 15:00
636,駁新疆再教育營 中駐德大使：美法也有類似機構  https://t.co/Nbe9jSH1Jy KHZW,2021-02-20 16:27
637,駁新疆再教育營 中駐德大使：美法也有類似機構  https://t.co/NzMYzwEZih TISM,2021-02-20 16:28
638,駁新疆再教育營 中駐德大使：美法也有類似機構  https://t.co/cggCSXlGuL EEHV,2021-02-20 16:29
639,駁新疆再教育營 中駐德大使：美法也有類似機構  https://t.co/cggCSXlGuL YXJK,2021-02-20 16:35
640,駁新疆再教育營 中駐德大使：美法也有類似機構  https://t.co/SXNwSVrjzL RXTR,2021-02-20 16:42
641,駁新疆再教育營 中駐德大使：美法也有類似機構  https://t.co/SXNwSVrjzL PLXB,2021-02-20 16:48
642,駁新疆再教育營 中駐德大使：美法也有類似機構  https://t.co/9dEcuOw3Jj ENHH,2021-02-20 16:49
643,駁新疆再教育營 中駐德大使：美法也有類似機構  https://t.co/SXNwSVrjzL YVEC,2021-02-20 16:54
644,駁新疆再教育營 中駐德大使：美法也有類似機構  https://t.co/WHGbOKQqYI UNAZ,2021-02-20 16:59
645,駁新疆再教育營 中駐德大使：美法也有類似機構  https://t.co/SXNwSVrjzL PXBS,2021-02-20 17:00
646,駁新疆再教育營 中駐德大使：美法也有類似機構  https://t.co/o4LlNxbwBO UDDC,2021-02-20 17:09
647,駁新疆再教育營 中駐德大使：美法也有類似機構  https://t.co/C0bEuxCfv3 WANT,2021-02-20 17:16
648,駁新疆再教育營 中駐德大使：美法也有類似機構  https://t.co/LJ5yqd2yOi OCOG,2021-02-20 17:22
649,駁新疆再教育營 中駐德大使：美法也有類似機構  https://t.co/C0bEuxCfv3 KWHL,2021-02-20 17:22
650,駁新疆再教育營 中駐德大使：美法也有類似機構  https://t.co/9dEcuOw3Jj UPBZ,2021-02-20 18:20
651,駁新疆再教育營 中駐德大使：美法也有類似機構  https://t.co/75UaXiZWj3 WSLY,2021-02-20 18:23
652,駁新疆再教育營 中駐德大使：美法也有類似機構  https://t.co/DEd2ChMUNd CEPO,2021-02-20 18:28
653,駁新疆再教育營 中駐德大使：美法也有類似機構  https://t.co/oaRmkp3d27 CGZA,2021-02-20 18:40
654,駁新疆再教育營 中駐德大使：美法也有類似機構  https://t.co/ttdcVbA5UW NXQR,2021-02-20 19:01
655,駁新疆再教育營 中駐德大使：美法也有類似機構  https://t.co/27ennZCmAc VOHV,2021-02-20 19:04
656,駁新疆再教育營 中駐德大使：美法也有類似機構  https://t.co/C0bEuxCfv3 MFWA,2021-02-20 19:11
657,駁新疆再教育營 中駐德大使：美法也有類似機構  https://t.co/75UaXiZWj3 GTSG,2021-02-20 19:16
658,駁新疆再教育營 中駐德大使：美法也有類似機構  https://t.co/eXdFByHefE KRJE,2021-02-20 19:19
659,駁新疆再教育營 中駐德大使：美法也有類似機構  https://t.co/cggCSXlGuL TEVD,2021-02-20 19:20
660,駁新疆再教育營 中駐德大使：美法也有類似機構  https://t.co/59eBf3bm8N EQVR,2021-02-20 19:35
661,駁新疆再教育營 中駐德大使：美法也有類似機構  https://t.co/A9Ir9jIuuj ZHQC,2021-02-20 19:52
662,駁新疆再教育營 中駐德大使：美法也有類似機構  https://t.co/jbN7Rz0Qr4 XFJS,2021-02-20 20:03
663,駁新疆再教育營 中駐德大使：美法也有類似機構  https://t.co/YRUlPwqkL3 KAIA,2021-02-20 20:15
664,駁新疆再教育營 中駐德大使：美法也有類似機構  https://t.co/ZUUsaHLOXI YUJI,2021-02-20 20:26
665,@KadeerRebiya 拥有许多不同技能的年轻人会给新疆的经济生态带来生机和活力,2021-02-27 09:58
666,@KadeerRebiya 新疆城镇登记失业率近年来保持在3.5%以下就是一个保障人权很好地证明,2021-02-27 10:05
667,@KadeerRebiya 能否把你们所说的“集中营”的真实坐标公布出来？我在新疆等你消息,2021-02-27 10:06
668,#KadeerRebiya​ 你孙女说的有道理 #新疆 https://t.co/zVy65QB8z4 NIKR,2021-02-28 10:48
669,#KadeerRebiya​ 你孙女说的有道理 #新疆 https://t.co/kA5GN9PUfx PMYI,2021-02-28 10:51
670,#KadeerRebiya​ 你孙女说的有道理 #新疆 https://t.co/bZVwquEIso QENB,2021-02-28 10:55
671,#KadeerRebiya​ 你孙女说的有道理 #新疆 https://t.co/2TXZA15iUx EUQD,2021-02-28 11:01
672,#KadeerRebiya​ 你孙女说的有道理 #新疆 https://t.co/LPrWEAAr11 FEOI,2021-02-28 11:11
673,#KadeerRebiya​ 你孙女说的有道理 #新疆 https://t.co/pjt8LuwfM5 WRTZ,2021-02-28 11:14
674,#KadeerRebiya​ 你孙女说的有道理 #新疆 https://t.co/904LEFA4hc EZIJ,2021-02-28 11:16
675,#KadeerRebiya​ 你孙女说的有道理 #新疆 https://t.co/CCP01eyotp JIBP,2021-02-28 11:16
676,#KadeerRebiya​ 你孙女说的有道理 #新疆 https://t.co/4jAbt0vn8X WECU,2021-02-28 11:17
677,#KadeerRebiya​ 你孙女说的有道理 #新疆 https://t.co/CxWNyok1jZ DTMZ,2021-02-28 11:19
678,#KadeerRebiya​ 你孙女说的有道理 #新疆 https://t.co/GGPVKv3ltN SSFI,2021-02-28 11:26
679,#KadeerRebiya​ 你孙女说的有道理 #新疆 https://t.co/cOqXxernQt VSFI,2021-02-28 11:28
680,#KadeerRebiya​ 你孙女说的有道理 #新疆 https://t.co/XZWK4MgsrG PLFH,2021-02-28 11:28
681,#KadeerRebiya​ 你孙女说的有道理 #新疆 https://t.co/nstFWl3FXv ERJT,2021-02-28 11:32
682,#KadeerRebiya​ 你孙女说的有道理 #新疆 https://t.co/Czx9Fn4EO2 JZOU,2021-02-28 11:37
683,#KadeerRebiya​ 你孙女说的有道理 #新疆 https://t.co/3tKqJJxiM7 SLFR,2021-02-28 11:43
684,#KadeerRebiya​ 你孙女说的有道理 #新疆 https://t.co/eBGmqw0MNv UAEP,2021-02-28 11:45
685,#KadeerRebiya​ 你孙女说的有道理 #新疆 https://t.co/tIH6023XJI WJHD,2021-02-28 11:45
686,#KadeerRebiya​ 你孙女说的有道理 #新疆 https://t.co/IROYhLY1ug LCPO,2021-02-28 11:47
687,#KadeerRebiya​ 你孙女说的有道理 #新疆 https://t.co/nDNQfv0Jfj HXQY,2021-02-28 11:48
688,#KadeerRebiya​ 你孙女说的有道理 #新疆 https://t.co/LPrWEAAr11 WWZZ,2021-02-28 11:53
689,#KadeerRebiya​ 你孙女说的有道理 #新疆 https://t.co/PTz1Aw7jHV YJUX,2021-02-28 11:56
690,#KadeerRebiya​ 你孙女说的有道理 #新疆 https://t.co/2TXZA1mUj7 KVCU,2021-02-28 11:59
691,#KadeerRebiya​ 你孙女说的有道理 #新疆 https://t.co/Czx9Fn4EO2 KDWV,2021-02-28 12:03
692,外交部：新疆部分群众打算起诉BBC     https://t.co/O59g2pfjlR ZODO,2021-03-18 03:32
693,外交部：新疆部分群众打算起诉BBC     https://t.co/WotefFyJKp YBMO,2021-03-18 03:42
694,外交部：新疆部分群众打算起诉BBC     https://t.co/t42fCtYELp AEIP,2021-03-18 03:47
695,外交部：新疆部分群众打算起诉BBC     https://t.co/GcRXKJd1ce KTXJ,2021-03-18 04:11
696,外交部：新疆部分群众打算起诉BBC     https://t.co/QRTqdLb1Qw HSRN,2021-03-18 04:30
697,外交部：新疆部分群众打算起诉BBC     https://t.co/oGFNewIhr2 STXM,2021-03-18 04:32
698,外交部：新疆部分群众打算起诉BBC     https://t.co/wHfAkGdLN1 HRCB,2021-03-18 04:34
699,外交部：新疆部分群众打算起诉BBC     https://t.co/DJG1TxCild FVTZ,2021-03-18 04:37
700,外交部：新疆部分群众打算起诉BBC     https://t.co/EOJqmsytE9 LXQY,2021-03-18 04:41
701,外交部：新疆部分群众打算起诉BBC     https://t.co/HKwCfSL5Xh XNZZ,2021-03-18 04:55
702,外交部：新疆部分群众打算起诉BBC     https://t.co/lvpXufjuH6 POEJ,2021-03-18 04:56
703,外交部：新疆部分群众打算起诉BBC     https://t.co/Y8XawYgt49 PYGN,2021-03-18 05:00
704,外交部：新疆部分群众打算起诉BBC     https://t.co/UGIwExMlUs BDQD,2021-03-18 05:35
705,外交部：新疆部分群众打算起诉BBC     https://t.co/KAUk1xrQvY SQWX,2021-03-18 05:42
706,外交部：新疆部分群众打算起诉BBC     https://t.co/visDcDbgxn ZRTG,2021-03-18 05:48
707,外交部：新疆部分群众打算起诉BBC     https://t.co/VTmYCWFD2h SSNS,2021-03-18 06:05
708,外交部：新疆部分群众打算起诉BBC     https://t.co/qBJTyug41j TCYP,2021-03-18 06:06
709,外交部：新疆部分群众打算起诉BBC     https://t.co/UKXcm1h0GF TWDP,2021-03-18 06:10
710,外交部：新疆部分群众打算起诉BBC     https://t.co/m4gMHtdQah WEFI,2021-03-18 06:13
711,外交部：新疆部分群众打算起诉BBC     https://t.co/ta4wODs4zd SOWG,2021-03-18 06:21
712,外交部：新疆部分群众打算起诉BBC     https://t.co/DDT1bQomeR JRXT,2021-03-18 06:33
713,外交部：新疆部分群众打算起诉BBC     https://t.co/n8AxtT1PVb DRJG,2021-03-18 06:35
714,外交部：新疆部分群众打算起诉BBC     https://t.co/cv3nat6nPf PTIJ,2021-03-18 06:40
715,外交部：新疆部分群众打算起诉BBC     https://t.co/m9wSWXSikZ XJTJ,2021-03-18 06:41
716,外交部：新疆部分群众打算起诉BBC     https://t.co/6N2dP3R3BY KVEF,2021-03-18 06:52
717,外交部：新疆部分群众打算起诉BBC     https://t.co/dMgfOYc274 NGOE,2021-03-18 06:53
718,外交部：新疆部分群众打算起诉BBC     https://t.co/53bJYgxCR7 PSCL,2021-03-18 06:56
719,外交部：新疆部分群众打算起诉BBC     https://t.co/HI4aNU0bUM ZHKG,2021-03-18 07:04
720,外交部：新疆部分群众打算起诉BBC     https://t.co/6GehJeuLPz RTNT,2021-03-18 07:10
721,外交部：新疆部分群众打算起诉BBC     https://t.co/aldG7KDJ4b QMRL,2021-03-18 07:11
722,外交部：新疆部分群众打算起诉BBC     https://t.co/ZYmY7c0rCT DJQK,2021-03-18 07:14
723,外交部：新疆部分群众打算起诉BBC     https://t.co/P2ApGCgLGR LKKI,2021-03-18 07:17
724,外交部：新疆部分群众打算起诉BBC     https://t.co/hqw35bzVkR LOAM,2021-03-18 07:18
725,外交部：新疆部分群众打算起诉BBC     https://t.co/TlQPtA4Odi JQSO,2021-03-18 07:18
726,外交部：新疆部分群众打算起诉BBC     https://t.co/zEP12LFLEs GMKS,2021-03-18 07:24
727,外交部：新疆部分群众打算起诉BBC     https://t.co/59bQc9mVco KEEH,2021-03-18 07:36
728,外交部：新疆部分群众打算起诉BBC     https://t.co/rlQfvNv5yS EXYR,2021-03-18 07:38
729,外交部：新疆部分群众打算起诉BBC     https://t.co/iHEvFV4CDC INUQ,2021-03-18 07:44
730,外交部：新疆部分群众打算起诉BBC     https://t.co/dvexH5lTX5 WQLU,2021-03-18 07:47
731,外交部：新疆部分群众打算起诉BBC     https://t.co/YXZSiI5E2i EWCA,2021-03-18 07:53
732,外交部：新疆部分群众打算起诉BBC     https://t.co/StWHswHflb RRJV,2021-03-18 07:58
733,外交部：新疆部分群众打算起诉BBC     https://t.co/zWmRRkbeG9 IQBG,2021-03-18 08:19
734,外交部：新疆部分群众打算起诉BBC     https://t.co/Q5Kg4OWNaA OATJ,2021-03-18 08:30
735,外交部：新疆部分群众打算起诉BBC     https://t.co/8HQ5qu2fRd WYYH,2021-03-18 08:39
736,外交部：新疆部分群众打算起诉BBC     https://t.co/HfVpPN8Wpp KZVQ,2021-03-18 08:47
737,外交部：新疆部分群众打算起诉BBC     https://t.co/ZePzArdkou PDEI,2021-03-18 08:49
738,外交部：新疆部分群众打算起诉BBC     https://t.co/kKsa0bKyPC HPGM,2021-03-18 09:00
739,外交部：新疆部分群众打算起诉BBC     https://t.co/7tvDNFTgn4 ZGMP,2021-03-18 09:05
740,外交部：新疆部分群众打算起诉BBC     https://t.co/CvQkdViy2n KXAS,2021-03-18 09:07
741,外交部：新疆部分群众打算起诉BBC     https://t.co/qMgcg7qO8J ENRA,2021-03-18 09:12
742,外交部：新疆部分群众打算起诉BBC     https://t.co/70KqL0cWvi SARU,2021-03-18 09:21
743,外交部：新疆部分群众打算起诉BBC     https://t.co/Vb2HWG0q5w PIZY,2021-03-18 09:28
744,外交部：新疆部分群众打算起诉BBC     https://t.co/lb29DuHoXW PPVY,2021-03-18 09:40
745,外交部：新疆部分群众打算起诉BBC     https://t.co/19KfU937z4 QZFQ,2021-03-18 09:47
746,外交部：新疆部分群众打算起诉BBC     https://t.co/M03BaDTh1V LFFT,2021-03-18 09:49
747,外交部：新疆部分群众打算起诉BBC     https://t.co/ANpdb6ygGz USWS,2021-03-18 10:11
748,外交部：新疆部分群众打算起诉BBC     https://t.co/XxfoCMct51 ZXTJ,2021-03-18 10:32
749,外交部：新疆部分群众打算起诉BBC     https://t.co/YJkTtEMbKp QSMG,2021-03-18 10:37
750,外交部：新疆部分群众打算起诉BBC     https://t.co/7994nEut5J PHHE,2021-03-18 11:09
751,外交部：新疆部分群众打算起诉BBC     https://t.co/AXCY525hEc BWRN,2021-03-18 11:34
752,外交部：新疆部分群众打算起诉BBC     https://t.co/rdILP8CPu4 OEGU,2021-03-18 12:50
753,Hardworking #Uyghur 勤劳的维吾尔族人民 #Xinjiang #新疆 FBON https://t.co/A6ga0iRUN6,2021-03-24 08:30
754,Hardworking #Uyghur 勤劳的维吾尔族人民 #Xinjiang #新疆 XWKF https://t.co/lLgshCC9Mz,2021-03-24 08:39
755,Hardworking #Uyghur 勤劳的维吾尔族人民 #Xinjiang #新疆 WZUM https://t.co/y9eLwuc8XV,2021-03-24 08:40
756,Hardworking #Uyghur 勤劳的维吾尔族人民 #Xinjiang #新疆 SQOI https://t.co/mWv3wU4uKT,2021-03-24 08:41
757,Hardworking #Uyghur 勤劳的维吾尔族人民 #Xinjiang #新疆 HTRB https://t.co/acOE94LQmg,2021-03-24 08:44
758,Hardworking #Uyghur 勤劳的维吾尔族人民 #Xinjiang #新疆 BGMX https://t.co/QiDzlLZfrL,2021-03-24 08:46
759,Hardworking #Uyghur 勤劳的维吾尔族人民 #Xinjiang #新疆 UHDL https://t.co/k2F1P08hnr,2021-03-24 08:47
760,Hardworking #Uyghur 勤劳的维吾尔族人民 #Xinjiang #新疆 IDTW https://t.co/5blwul5z7e,2021-03-24 08:48
761,Hardworking #Uyghur 勤劳的维吾尔族人民 #Xinjiang #新疆 NQQX https://t.co/A2OGYbBJlj,2021-03-24 08:53
762,Hardworking #Uyghur 勤劳的维吾尔族人民 #Xinjiang #新疆 BACI https://t.co/UbBK2gkZwe,2021-03-24 08:55
763,Hardworking #Uyghur 勤劳的维吾尔族人民 #Xinjiang #新疆 PDNV https://t.co/TmsTeykFtF,2021-03-24 08:59
764,Hardworking #Uyghur 勤劳的维吾尔族人民 #Xinjiang #新疆 MKGB https://t.co/UOj3xBua4R,2021-03-24 09:02
765,Hardworking #Uyghur 勤劳的维吾尔族人民 #Xinjiang #新疆 XXRH https://t.co/f0foeNc5aK,2021-03-24 09:06
766,Hardworking #Uyghur 勤劳的维吾尔族人民 #Xinjiang #新疆 MXDA https://t.co/9kzEfY04RN,2021-03-24 09:09
767,Hardworking #Uyghur 勤劳的维吾尔族人民 #Xinjiang #新疆 EANR https://t.co/HexdWYmFDT,2021-03-24 09:10
768,Hardworking #Uyghur 勤劳的维吾尔族人民 #Xinjiang #新疆 YTZI https://t.co/MpDmhFFSmZ,2021-03-24 09:11
769,Hardworking #Uyghur 勤劳的维吾尔族人民 #Xinjiang #新疆 VEXB https://t.co/eGs9tFrst8,2021-03-24 09:13
770,Hardworking #Uyghur 勤劳的维吾尔族人民 #Xinjiang #新疆 DYVF https://t.co/AirLSb73hm,2021-03-24 09:13
771,Hardworking #Uyghur 勤劳的维吾尔族人民 #Xinjiang #新疆 GJQQ https://t.co/Phvd8ZBBTs,2021-03-24 09:16
772,Hardworking #Uyghur 勤劳的维吾尔族人民 #Xinjiang #新疆 CFLL https://t.co/2wMRAVJVHK,2021-03-24 09:17
773,Hardworking #Uyghur 勤劳的维吾尔族人民 #Xinjiang #新疆 GNWG https://t.co/FNp1Znz83q,2021-03-24 09:18
774,Hardworking #Uyghur 勤劳的维吾尔族人民 #Xinjiang #新疆 TAUL https://t.co/hkhdboOrsp,2021-03-24 09:20
775,Hardworking #Uyghur 勤劳的维吾尔族人民 #Xinjiang #新疆 DBLV https://t.co/hNP6TjVphM,2021-03-24 09:23
776,Hardworking #Uyghur 勤劳的维吾尔族人民 #Xinjiang #新疆 RZIF https://t.co/k4YHiMpVsi,2021-03-24 09:25
777,Hardworking #Uyghur 勤劳的维吾尔族人民 #Xinjiang #新疆 BUMH https://t.co/kDuNpgGxZr,2021-03-24 09:27
778,Hardworking #Uyghur 勤劳的维吾尔族人民 #Xinjiang #新疆 CFMZ https://t.co/DVwOFhRTKd,2021-03-24 09:27
779,Hardworking #Uyghur 勤劳的维吾尔族人民 #Xinjiang #新疆 ATWJ https://t.co/wRBG4SFa8o,2021-03-24 09:30
780,Hardworking #Uyghur 勤劳的维吾尔族人民 #Xinjiang #新疆 YRFO https://t.co/wFH3J2oZcA,2021-03-24 09:31
781,Hardworking #Uyghur 勤劳的维吾尔族人民 #Xinjiang #新疆 VKSZ https://t.co/D6hrzq28kn,2021-03-24 09:38
782,Hardworking #Uyghur 勤劳的维吾尔族人民 #Xinjiang #新疆 RVVH https://t.co/sAdV6eh9Sr,2021-03-24 09:45
783,Hardworking #Uyghur 勤劳的维吾尔族人民 #Xinjiang #新疆 AIOM https://t.co/djY7n56do7,2021-03-24 09:45
784,Hardworking #Uyghur 勤劳的维吾尔族人民 #Xinjiang #新疆 UBEY https://t.co/Nb6hZKKdIn,2021-03-24 09:52
785,Hardworking #Uyghur 勤劳的维吾尔族人民 #Xinjiang #新疆 CLAT https://t.co/CviBKMZ6Hv,2021-03-24 09:59
786,Hardworking #Uyghur 勤劳的维吾尔族人民 #Xinjiang #新疆 YRWY https://t.co/t5wwVhcebf,2021-03-24 10:22
787,Hardworking #Uyghur 勤劳的维吾尔族人民 #Xinjiang #新疆 WBIB https://t.co/U94R6ACTIH,2021-03-24 10:29
788,Hardworking #Uyghur 勤劳的维吾尔族人民 #Xinjiang #新疆 FSXG https://t.co/nUFYK8lDeN,2021-03-24 10:36
789,Hardworking #Uyghur 勤劳的维吾尔族人民 #Xinjiang #新疆 XSLT https://t.co/kOPNErsSLh,2021-03-24 10:50
790,Hardworking #Uyghur 勤劳的维吾尔族人民 #Xinjiang #新疆 CLYE https://t.co/oLu1FEH4ly,2021-03-24 10:52
791,Hardworking #Uyghur 勤劳的维吾尔族人民 #Xinjiang #新疆 XSMB https://t.co/YgGUIxs5Uw,2021-03-24 10:56
792,Hardworking #Uyghur 勤劳的维吾尔族人民 #Xinjiang #新疆 ZZCN https://t.co/rAhmZqC5VH,2021-03-24 11:10
793,Hardworking #Uyghur 勤劳的维吾尔族人民 #Xinjiang #新疆 VRHH https://t.co/RoO6grEeLh,2021-03-24 11:11
794,Hardworking #Uyghur 勤劳的维吾尔族人民 #Xinjiang #新疆 JBAR https://t.co/7SNGuu19ue,2021-03-24 11:16
795,Hardworking #Uyghur 勤劳的维吾尔族人民 #Xinjiang #新疆 SUJM https://t.co/gJ1ZKbysD2,2021-03-24 11:26
796,Hardworking #Uyghur 勤劳的维吾尔族人民 #Xinjiang #新疆 CJES https://t.co/OFSZKMzBY1,2021-03-24 11:36
797,Hardworking #Uyghur 勤劳的维吾尔族人民 #Xinjiang #新疆 SNVQ https://t.co/eo9YO5adyM,2021-03-24 11:40
798,Hardworking #Uyghur 勤劳的维吾尔族人民 #Xinjiang #新疆 GISV https://t.co/RVsqgXiZXW,2021-03-24 11:45
799,Hardworking #Uyghur 勤劳的维吾尔族人民 #Xinjiang #新疆 BXIH https://t.co/Yt6QlwthGN,2021-03-24 12:04
800,Hardworking #Uyghur 勤劳的维吾尔族人民 #Xinjiang #新疆 EUMM https://t.co/qI6O52Yyg5,2021-03-24 12:14
801,Hardworking #Uyghur 勤劳的维吾尔族人民 #Xinjiang #新疆 ZNJJ https://t.co/9bRF4F3SaI,2021-03-24 12:15
802,Hardworking #Uyghur 勤劳的维吾尔族人民 #Xinjiang #新疆 XLRN https://t.co/VapGCZUvfR,2021-03-24 12:39
803,Hardworking #Uyghur 勤劳的维吾尔族人民 #Xinjiang #新疆 IEOJ https://t.co/yCzXscXecJ,2021-03-24 12:50
804,Hardworking #Uyghur 勤劳的维吾尔族人民 #Xinjiang #新疆 NZOL https://t.co/wAXlB8oh7q,2021-03-24 12:56
805,Hardworking #Uyghur 勤劳的维吾尔族人民 #Xinjiang #新疆 OWOS https://t.co/8qwY7T9PGA,2021-03-24 13:03
806,Hardworking #Uyghur 勤劳的维吾尔族人民 #Xinjiang #新疆 CMJS https://t.co/6rzLzYl0AA,2021-03-24 13:34
807,Hardworking #Uyghur 勤劳的维吾尔族人民 #Xinjiang #新疆 ULGG https://t.co/gNlGr14gnS,2021-03-24 13:43
808,RT @XinhuaChinese: 【直播：“新疆是个好地方”视频宣介会】3月26日，新疆维吾尔自治区会同中国驻英使馆在新疆人民会堂举办“新疆是个好地方”视频宣介会。https://t.co/RbqxwdcVBt,2021-03-27 03:16
809,【直播：“新疆是个好地方”视频宣介会】3月26日，新疆维吾尔自治区会同中国驻英使馆在新疆人民会堂举办“新疆是个好地方”视频宣介会。 VQHL,2021-03-27 04:21
810,【直播：“新疆是个好地方”视频宣介会】3月26日，新疆维吾尔自治区会同中国驻英使馆在新疆人民会堂举办“新疆是个好地方”视频宣介会。 HZWL,2021-03-27 06:12
811,【直播：“新疆是个好地方”视频宣介会】3月26日，新疆维吾尔自治区会同中国驻英使馆在新疆人民会堂举办“新疆是个好地方”视频宣介会。 UOUZ,2021-03-27 07:53
812,【直播：“新疆是个好地方”视频宣介会】3月26日，新疆维吾尔自治区会同中国驻英使馆在新疆人民会堂举办“新疆是个好地方”视频宣介会。 JJXN,2021-03-27 08:00
813,#Xinjiang #XinjiangOnline #Xinjiang-related Issues #StopXinjiangRumors @uyghurpulse 在保障妇女平等就业权利方面，新疆努力消除阻碍妇女鹏等就业的壁垒，制定实施扶持妇女自主创业政策.在保障残疾人就业方面，不断加大职业技能培训力度. BAEY,2021-03-27 08:33
814,#Xinjiang #XinjiangOnline #Xinjiang-related Issues #StopXinjiangRumors @1957spirit 在保障妇女平等就业权利方面，新疆努力消除阻碍妇女鹏等就业的壁垒，制定实施扶持妇女自主创业政策.在保障残疾人就业方面，不断加大职业技能培训力度. RBNW,2021-03-27 14:22
815,"RT @zljzhuzhu: #支持新疆棉花  
成都大悦城，工作人员在拆除H&amp;M商标标志！中国人民是惹不得的，如果惹翻了，是不好办的。 The Chinese people are not to be trifled with. Once they are provoked…",2021-03-29 10:27
816,美国最具诚信的情报员 谈新疆的真实   https://t.co/yjMcp3p1j5 HFXH,2021-04-02 10:15
817,美国最具诚信的情报员 谈新疆的真实   https://t.co/SluSIZ41Kg LMHO,2021-04-02 10:49
818,美国最具诚信的情报员 谈新疆的真实   https://t.co/jSG98zMpq7 OVOS,2021-04-02 10:50
819,美国最具诚信的情报员 谈新疆的真实   https://t.co/MW1PxRP0cv BZOU,2021-04-02 11:36
820,美国最具诚信的情报员 谈新疆的真实   https://t.co/OSJgf5Pa7r BGQR,2021-04-02 11:39
821,美国最具诚信的情报员 谈新疆的真实   https://t.co/CcMfjOfzLo IAFC,2021-04-02 12:04
822,美国最具诚信的情报员 谈新疆的真实   https://t.co/AtYJDieLix GXQF,2021-04-02 12:06
823,美国最具诚信的情报员 谈新疆的真实   https://t.co/ADznoB03O8 LXDY,2021-04-02 12:10
824,美国最具诚信的情报员 谈新疆的真实   https://t.co/MzAvswZtFg JYRW,2021-04-02 12:23
825,美国最具诚信的情报员 谈新疆的真实   https://t.co/fF3Io1lfso QTHW,2021-04-02 12:33
826,美国最具诚信的情报员 谈新疆的真实   https://t.co/Ud7b82nj3z TTLY,2021-04-02 13:17
827,美国最具诚信的情报员 谈新疆的真实   https://t.co/Vazz4fNCPx TMZJ,2021-04-02 13:43
828,美国最具诚信的情报员 谈新疆的真实   https://t.co/EeU2SeXwio JHQK,2021-04-02 13:44
829,美国最具诚信的情报员 谈新疆的真实   https://t.co/pR8RWWVwyy DXCU,2021-04-02 13:46
830,美国最具诚信的情报员 谈新疆的真实   https://t.co/xapAi2qjLt HLGM,2021-04-02 14:09
831,美国最具诚信的情报员 谈新疆的真实   https://t.co/U635VIAgx7 CEPT,2021-04-02 15:19
832,美国最具诚信的情报员 谈新疆的真实   https://t.co/MYishOkRTj RXZZ,2021-04-02 15:26
833,美国最具诚信的情报员 谈新疆的真实   https://t.co/nXD3KvwhLH TPCQ,2021-04-02 15:29
834,美国最具诚信的情报员 谈新疆的真实   https://t.co/fMFUaWG8XN JCWL,2021-04-02 15:29
835,美国最具诚信的情报员 谈新疆的真实   https://t.co/EWpwhHZ8KA EAHZ,2021-04-02 15:32
836,美国最具诚信的情报员 谈新疆的真实   https://t.co/DRHfI53cZf ATTO,2021-04-02 15:38
837,美国最具诚信的情报员 谈新疆的真实   https://t.co/QKBHw9cMFi NXRY,2021-04-02 15:48
838,美国最具诚信的情报员 谈新疆的真实   https://t.co/JBEu3kOHfJ GYQE,2021-04-02 16:05
839,美国最具诚信的情报员 谈新疆的真实   https://t.co/aMrtmVX9ZU IDZR,2021-04-02 16:14
840,美国最具诚信的情报员 谈新疆的真实   https://t.co/eNJqVkq1Mq EFCP,2021-04-02 16:15
841,美国最具诚信的情报员 谈新疆的真实   https://t.co/4ZNgQFWaIj KEVG,2021-04-02 16:18
842,美国最具诚信的情报员 谈新疆的真实   https://t.co/ESvqgfPScg QZIW,2021-04-02 16:32
843,美国最具诚信的情报员 谈新疆的真实   https://t.co/JICzYhlGQJ LBAH,2021-04-02 16:35
844,美国最具诚信的情报员 谈新疆的真实   https://t.co/OJy8QB5SmX RTMJ,2021-04-02 16:41
845,美国最具诚信的情报员 谈新疆的真实   https://t.co/JwrXyx41yQ EBAW,2021-04-02 16:45
846,美国最具诚信的情报员 谈新疆的真实   https://t.co/XiL14mrAxA RFAP,2021-04-02 16:47
847,美国最具诚信的情报员 谈新疆的真实   https://t.co/0q0PjlrOdO MKLJ,2021-04-02 16:49
848,美国最具诚信的情报员 谈新疆的真实   https://t.co/U1YULCIX4I OIVJ,2021-04-02 16:54
